id,domain,status,purchase_price,renewal_price,attractiveness,demand,length,registrar,created_at,expires_at,status_verified_at
cff280b2-0527-483d-b3dd-f2b5944852e0,mouthy.lease,available,14.99,,medium,low,6,name.com,,,
17af8a41-df43-4b8b-b1a7-61746f562aaa,kfc.lease,available,56.99,56.99,high,low,3,namesilo,,,16/09/2026 23:46
4f4306ea-a69e-42a2-ac71-fce974514633,group.lease,premium,118.8,118.8,high,low,5,namesilo,,,27/09/2026 09:25
ecbc3a3a-d2de-45ed-9d3e-6ec53a1041cd,uneven.lease,available,56.99,56.99,high,low,6,namesilo,,,04/09/2026 00:48
30f759fb-f6d1-4f9e-a031-57c849ccf7b8,bump.lease,available,56.99,56.99,high,low,4,namesilo,,,29/09/2026 05:15
39feb96b-55bb-419b-86eb-d438e8f1218a,lifts.lease,available,44.71,44.71,medium,low,5,spaceship,,,29/09/2026 05:05
dc5da12d-8f2c-4be0-bc46-9a6c01f8f2ab,divorcing.lease,available,56.99,56.99,low,low,9,namesilo,,,17/09/2026 22:37
3a3a2ea0-c93b-4cd3-b04a-8e3092f358a3,didactic.lease,available,14.99,71.99,high,low,8,name.com,,,14/08/2026 06:41
05dc0a46-c427-42a2-97de-8af982b4660d,manioc.lease,available,56.99,56.99,medium,low,6,namesilo,,,23/09/2026 22:51
1b98ae70-44cf-45f0-94a3-e99b02868838,volcano.lease,available,56.99,56.99,high,low,7,namesilo,,,30/09/2026 14:35
72a1ff17-5273-4e97-ac27-86a6904829e0,vanilla.lease,available,14.99,71.99,high,low,7,name.com,,,13/09/2026 01:08
66a753fd-e8ed-4dc8-a180-0eab37df87dc,expectant.lease,available,56.99,56.99,high,low,9,namesilo,,,22/09/2026 06:48
d4fcc5d5-7501-415a-994a-b745ee82ef40,beethoven.lease,available,58.98,73.98,high,low,9,namecheap,,,23/09/2026 01:53
ba0bfa93-72a3-4221-ac4f-ba9c0caf5014,nub.lease,available,56.99,56.99,high,low,3,namesilo,,,14/09/2026 23:53
bf70835a-d4f8-40ae-9ee9-2078afb51d59,aman.lease,available,8.24,46.23,high,low,4,dynadot,,,30/09/2026 20:31
0de9804e-38e2-43bb-8a38-75d6265d3193,black.lease,premium,128.7,128.7,high,medium,5,namecheap,,,22/09/2026 21:16
0e00d185-5775-48d8-99fd-1eec5299b6aa,paints.lease,available,56.99,56.99,medium,low,6,namesilo,,,29/09/2026 05:51
fc9ab1df-4c1f-4adf-93ab-d489ca123fb5,belly.lease,available,56.99,56.99,high,low,5,namesilo,,,16/09/2026 14:48
62ff7993-a1af-4d48-91db-92d392f4f9c2,cbo.lease,available,44.71,44.71,high,low,3,spaceship,,,30/09/2026 04:30
fbaa18db-6d82-47eb-8d7a-742cd43ec469,dane.lease,available,56.99,56.99,high,low,4,namesilo,,,29/09/2026 00:37
ac767d4a-88e2-4e05-9901-36902beb355f,harness.lease,available,56.99,56.99,high,low,7,namesilo,,,29/09/2026 01:16
3d79bdb8-9108-4673-bb19-79ff38bee5f2,sixthly.lease,available,14.99,71.99,medium,low,7,name.com,,,16/09/2026 02:03
3ae0e8c6-e16f-4ba0-9345-cf01e748ae9c,excavate.lease,available,14.99,71.99,high,low,8,name.com,,,21/08/2026 10:33
ca0fea45-91bb-45a3-a10d-70b7b8f7b32b,abasic.lease,available,14.99,71.99,medium,low,6,name.com,,,
196b99ef-8730-4cbf-bbd1-4c43a1d8027c,dodge.lease,available,56.99,56.99,high,low,5,namesilo,,,28/09/2026 01:47
ccba89ca-5809-44b2-b152-8e594b15695e,jungian.lease,available,14.99,71.99,medium,low,7,name.com,,,22/08/2026 14:24
559d4c7c-31e3-4bdb-83cb-98d6d1671daa,childs.lease,available,44.71,44.71,medium,low,6,spaceship,,,28/09/2026 12:16
0551e73f-a132-41bd-9840-599d802301f5,pastorale.lease,available,56.99,56.99,medium,low,9,namesilo,,,08/09/2026 10:10
c0a7709c-58b5-4f77-bea5-b3953c21dce4,entrances.lease,available,56.99,56.99,medium,low,9,namesilo,,,30/09/2026 07:42
3b51e8af-6942-4926-b3f3-1b68f54aeb07,nipples.lease,available,44.71,44.71,low,low,7,spaceship,,,01/10/2026 00:30
2f8279f5-f18f-4fa8-b0fb-0d592262e58f,estrella.lease,available,8.24,46.23,high,low,8,dynadot,,,01/10/2026 23:33
0c5b0f3a-eda0-435d-a00a-1b52a83b8e67,somber.lease,available,56.99,56.99,medium,low,6,namesilo,,,10/09/2026 14:00
82314b0c-c301-4331-a74d-7c89d62c7f68,underestimated.lease,available,14.99,,medium,low,14,name.com,,,
2a8ca81b-092f-4cb0-9c5e-593f6bb4b65a,antiblack.lease,available,14.99,71.99,low,low,9,name.com,,,
a3185f3d-c27d-4465-8e18-323db9817c31,lavender.lease,available,14.99,71.99,high,low,8,name.com,,,22/08/2026 21:02
13f995c3-9fd2-4b5e-bf27-0739bb9ce1c9,jolt.lease,available,14.99,71.99,high,low,4,name.com,,,25/09/2026 11:45
536f3207-a48a-486e-bbff-ba378278dd7c,screws.lease,available,43.2,43.2,medium,low,6,cloudflare,,,29/09/2026 17:35
4a41500d-4392-48bc-a4dd-df6e08da84ad,detailed.lease,available,56.99,56.99,high,low,8,namesilo,,,24/09/2026 07:09
ea3edda9-2617-4bdd-9e6e-1a94b32b8f2d,allosaur.lease,available,58.98,73.98,medium,low,8,namecheap,,,18/09/2026 12:04
d8ece040-22c1-4df6-8580-93a12a9c7df4,educator.lease,available,56.99,56.99,high,low,8,namesilo,,,30/09/2026 09:30
7da78f16-c2fb-46f6-bd45-546059cc2df0,sat.lease,available,44.71,44.71,high,low,3,spaceship,,,30/09/2026 10:30
6ddf6341-cd1e-4036-988c-dbb66201347c,nowadays.lease,available,43.2,43.2,medium,low,8,cloudflare,,,28/09/2026 22:43
877b1e07-a240-4dd6-946d-91205a0bc933,agonus.lease,available,58.98,73.98,medium,low,6,namecheap,,,17/09/2026 18:59
5315c1bb-43ac-4496-89ee-3f3300947258,godless.lease,available,14.99,71.99,medium,low,7,name.com,,,20/08/2026 16:02
87d354ef-50fa-479d-854f-aeb19553cfad,reunion.lease,available,56.99,56.99,high,medium,7,namesilo,,,30/09/2026 10:12
3aa84333-4664-4659-bcd0-68ffaaf79391,legless.lease,available,14.99,71.99,medium,low,7,name.com,,,22/08/2026 23:13
030bf840-d005-44fc-b4bd-75faf6e7526a,testily.lease,available,14.99,71.99,low,low,7,name.com,,,15/09/2026 09:30
1a98136a-9c7d-4709-8f05-459152740a6f,commentator.lease,available,43.2,43.2,high,low,11,cloudflare,,,29/09/2026 08:48
54e3b93d-50ee-44ef-b882-ae5a39aed00d,ads.lease,premium,242,242,high,medium,3,namesilo,,,02/10/2026 13:41
43cbc670-2d1d-44c7-b9d9-c072e2e525f9,ardea.lease,available,56.99,56.99,medium,low,5,namesilo,,,20/09/2026 03:04
5e9042d7-e6dd-4aff-8849-a983dfc7d404,complaint.lease,available,56.99,56.99,high,low,9,namesilo,,,25/09/2026 07:37
e4d551c3-4861-425e-afb6-821665c1ed3d,unruly.lease,available,14.99,71.99,high,low,6,name.com,,,10/08/2026 17:42
20dd7f90-621e-4af3-98d2-ef006a069b88,landlocked.lease,available,14.99,71.99,medium,low,10,name.com,,,22/08/2026 19:26
2eb0691c-2f88-4528-9fce-fcf2436c105d,colonic.lease,available,14.99,71.99,medium,low,7,name.com,,,12/08/2026 17:22
579e6f2c-5cf7-4184-9cbd-0c6e29f6d493,proofed.lease,available,56.99,56.99,medium,low,7,namesilo,,,09/09/2026 03:24
b55d580d-d980-4857-af91-8a8ccf698480,birch.lease,available,14.99,71.99,high,low,5,name.com,,,10/08/2026 05:53
be89eb64-6a35-4009-9a93-b7fa0c70c2d6,stands.lease,available,14.99,,medium,low,6,name.com,,,
5ae463e2-3a0e-402b-bc2b-d42aa3cc3463,curiosity.lease,available,56.99,56.99,high,low,9,namesilo,,,29/09/2026 13:03
d1a10303-d054-4634-a484-14d483544865,precambrian.lease,available,56.99,56.99,medium,low,11,namesilo,,,29/09/2026 04:02
7fcb7e62-8afd-439e-92b7-0ea1157ead0a,azygos.lease,available,14.99,71.99,medium,low,6,name.com,,,08/08/2026 03:32
92e59426-c47d-4e78-bf37-a8c45f58be47,terrain.lease,available,58.98,73.98,high,low,7,namecheap,,,28/09/2026 20:36
efc76e2b-47df-4112-a8ab-bb863db191e1,pretty.lease,available,56.99,56.99,high,low,6,namesilo,,,25/09/2026 12:04
02f18d5a-6f26-4288-9120-41d7a61c258e,moresque.lease,available,14.99,71.99,medium,low,8,name.com,,,25/08/2026 06:01
d63e6188-ac39-4289-b73d-54946317eafd,canasta.lease,available,56.99,56.99,medium,low,7,namesilo,,,22/09/2026 11:16
7dcbebf6-21b9-4c3b-888e-847c9c376e20,bontemps.lease,available,58.98,73.98,high,low,8,namecheap,,,20/09/2026 08:07
12b3c6e0-62d9-4678-8e60-d58f322a7019,tavares.lease,available,43.2,43.2,medium,low,7,cloudflare,,,02/10/2026 20:29
83d2c862-65fd-428c-952f-0871ba8d7253,merry.lease,available,14.99,71.99,high,low,5,name.com,,,11/08/2026 04:28
4209f3b6-62ef-4b1d-bc00-b19d1e9412ce,debonaire.lease,available,14.99,71.99,medium,low,9,name.com,,,12/08/2026 05:59
e2f1435b-2b1e-4836-9000-0d6e79a99b8b,bataan.lease,available,58.98,73.98,medium,low,6,namecheap,,,22/09/2026 13:10
0aa74dbf-cbe6-4cca-bc63-ccbcac87f0f1,cosmologic.lease,available,14.99,71.99,medium,low,10,name.com,,,13/08/2026 02:56
02870f15-d2e6-48cf-83d9-4061610e90c5,vaulted.lease,available,14.99,71.99,high,low,7,name.com,,,14/08/2026 15:39
faecb989-2e35-447a-9a60-336f85014b87,ingredient.lease,available,56.99,56.99,high,low,10,namesilo,,,24/09/2026 16:51
ae56b5cf-ee1e-4948-9879-dbc9bbb7c1de,btu.lease,available,56.99,56.99,high,low,3,namesilo,,,21/09/2026 11:58
e8489042-208c-4a29-b1e2-44db56da2e64,clx.lease,available,14.99,71.99,medium,low,3,name.com,,,
f1138147-c0d1-4011-a71e-71732a7b34f3,estimable.lease,available,14.99,71.99,medium,low,9,name.com,,,12/08/2026 19:44
47930e4e-8e23-4251-b7b4-7659e10042ae,isbn.lease,available,44.71,44.71,high,low,4,spaceship,,,30/09/2026 21:36
1df921d4-e124-4139-a002-b42fec847793,barnwell.lease,available,44.71,44.71,medium,low,8,spaceship,,,02/10/2026 08:01
7f67e990-0a72-4a2c-bf71-8ef9ec518232,propulsive.lease,available,56.99,56.99,high,low,10,namesilo,,,09/09/2026 03:32
804fdbfc-4c01-4cb1-bdc5-68f66dc5c673,departmental.lease,available,44.71,44.71,medium,low,12,spaceship,,,30/09/2026 14:39
dd4100da-2ad4-49c4-b196-f9c9bff59e2d,retake.lease,available,43.2,43.2,high,low,6,cloudflare,,,03/10/2026 01:55
48179c95-9993-411a-a2da-14a645e252cb,acquiesce.lease,available,58.98,73.98,medium,low,9,namecheap,,,20/09/2026 16:11
5488889a-360d-40cf-8129-b9171d3093b8,arguing.lease,available,56.99,56.99,medium,low,7,namesilo,,,20/09/2026 04:50
4b86fa1c-9296-413d-a9c2-ea2c0aa8e3b2,thirties.lease,available,58.98,73.98,medium,low,8,namecheap,,,16/09/2026 12:05
5cd17b06-0358-4f00-a2be-8117924ff2a6,committed.lease,available,56.99,56.99,high,low,9,namesilo,,,23/09/2026 15:46
39d88e19-6b7b-4f29-8a3b-97c3a5bc8d49,incomparable.lease,available,8.24,46.23,high,low,12,dynadot,,,02/10/2026 07:20
d7a56d59-3779-478f-8671-749846280aa4,michel.lease,available,56.99,56.99,high,low,6,namesilo,,,25/09/2026 12:46
aa142759-c2d5-4447-9643-29db29e471ed,forbid.lease,available,58.98,73.98,medium,low,6,namecheap,,,28/09/2026 10:33
931ce6aa-b4ab-44b7-b5df-1565dd527432,offenses.lease,available,56.99,56.99,low,low,8,namesilo,,,20/09/2026 10:35
6ab591c8-28df-4ac0-b3c9-9da28739f739,appreciates.lease,available,58.98,73.98,medium,low,11,namecheap,,,20/09/2026 20:35
883d6624-1238-44cb-b97c-84c45c9e2cdf,gyroscopic.lease,available,14.99,71.99,medium,low,10,name.com,,,20/08/2026 21:21
6100ba84-d9f2-4b6d-957a-b10dc3b6aba2,washes.lease,available,56.99,56.99,medium,low,6,namesilo,,,20/09/2026 04:54
06e72fdb-9d8c-403d-9ce9-e29b22c79296,teamwork.lease,available,43.2,43.2,high,low,8,cloudflare,,,30/09/2026 12:52
057e1dc8-876f-4806-87fc-d37bf0a1f367,sheath.lease,available,8.24,46.23,high,low,6,dynadot,,,02/10/2026 04:24
55c2b61a-561b-471e-a701-da0e07fda136,operates.lease,available,56.99,56.99,medium,low,8,namesilo,,,29/09/2026 10:32
f5ee6b66-b80b-41d4-83bb-a29e6c01f585,arriver.lease,available,56.99,56.99,medium,low,7,namesilo,,,20/09/2026 09:16
d8433af0-2a95-4b12-a17d-eddde081f5aa,december.lease,premium,85.8,85.8,high,low,8,namecheap,,,24/09/2026 21:09
ccad72fb-6aa0-494b-8fd3-d684a7cfb109,phytoplankton.lease,available,43.2,43.2,medium,low,13,cloudflare,,,02/10/2026 21:11
2594f493-90a2-4128-8f1e-077e501a7274,alters.lease,available,58.98,73.98,medium,low,6,namecheap,,,20/09/2026 13:23
5cfb7833-9170-41d1-9132-4448e65cb325,proud.lease,available,56.99,56.99,high,low,5,namesilo,,,27/09/2026 07:46
d8c5dd19-25fa-402f-bef6-4cd2689a7bd4,sides.lease,available,56.99,56.99,medium,low,5,namesilo,,,17/09/2026 23:26
bcd0185f-9e5e-483a-a9db-9c0bce777ccf,durations.lease,available,56.99,56.99,low,low,9,namesilo,,,30/09/2026 07:29
c3ebcb76-0801-4ef4-b3e9-fb1bfb467e51,archival.lease,available,14.99,71.99,medium,low,8,name.com,,,06/08/2026 15:53
f1fb8403-c78d-477d-a598-9e39f0caa1d2,caregiving.lease,available,56.99,56.99,high,low,10,namesilo,,,01/10/2026 13:54
c98f9654-7e9a-46ab-9784-ee730d0c3ac5,qat.lease,available,56.99,56.99,medium,low,3,namesilo,,,17/09/2026 15:24
d44924f2-5b24-4b27-83e2-3fcbf3fe5416,yard.lease,available,56.99,56.99,high,low,4,namesilo,,,21/09/2026 11:13
e870970b-3cfe-4ffa-9929-a2bf417c0c50,sneak.lease,available,56.99,56.99,high,low,5,namesilo,,,23/09/2026 12:44
b3245c79-d7ba-4d02-b4ac-13dc0324d72f,haircut.lease,available,8.24,44.8,high,low,7,porkbun,,,29/09/2026 21:56
fa91ba82-dd66-49a3-ae5b-ad7c9faa4742,iberia.lease,available,56.99,56.99,medium,low,6,namesilo,,,28/09/2026 14:29
f342f8ac-afe9-482b-912b-09816ccf2673,titus.lease,available,58.98,73.98,high,low,5,namecheap,,,25/09/2026 05:37
c651fdfb-5772-4817-bf2b-c0adb618e2cb,incarnation.lease,available,43.2,43.2,medium,low,11,cloudflare,,,01/10/2026 10:17
65f595c6-3a44-4198-adf1-6b7760d2a7c3,scripts.lease,available,44.71,44.71,medium,low,7,spaceship,,,29/09/2026 05:41
f35100da-a566-4293-82d7-e3992611021b,dvd.lease,available,44.71,44.71,high,low,3,spaceship,,,29/09/2026 17:14
748eaea6-05e3-45ee-b027-3a3f5c474d3f,jockey.lease,available,58.98,73.98,high,low,6,namecheap,,,24/09/2026 14:26
256d3ceb-d0a3-4a49-829c-5f78ee92508a,alkeran.lease,available,56.99,56.99,medium,low,7,namesilo,,,18/09/2026 08:31
a00c542f-c0b0-49e6-bf0a-d6ef779b6faa,screechy.lease,available,56.99,56.99,medium,low,8,namesilo,,,10/09/2026 00:01
3e5a0dfd-e2b4-4571-8c5e-3e28881e3bfd,undeniable.lease,available,14.99,71.99,high,low,10,name.com,,,12/09/2026 07:15
4473bdf6-f095-4a7a-851a-fd9e37a23ce6,playacting.lease,available,14.99,71.99,medium,low,10,name.com,,,
e5d0293c-fedc-420a-8198-12f947f6541d,fairytale.lease,available,56.99,56.99,high,low,9,namesilo,,,02/10/2026 14:41
9e52ea27-5670-4aa0-a081-d102c905c18b,molded.lease,available,14.99,71.99,medium,low,6,name.com,,,25/08/2026 03:46
495cf688-1b87-408c-8c79-0af1470928a5,kurrat.lease,available,56.99,56.99,medium,low,6,namesilo,,,18/09/2026 11:14
8e698da6-b937-45fa-b779-e17aa16e7691,stubby.lease,available,56.99,56.99,high,low,6,namesilo,,,10/09/2026 22:56
9e3b041a-495b-45a4-b4bc-cbd761f9b9e8,meters.lease,available,56.99,56.99,medium,low,6,namesilo,,,28/09/2026 05:01
ecfafb40-e05a-4318-a9ed-22292f2401a2,styria.lease,available,56.99,56.99,medium,low,6,namesilo,,,30/09/2026 21:45
d0cbbace-ebe5-4c79-a840-825a4b8f5c73,dulles.lease,available,56.99,56.99,medium,low,6,namesilo,,,28/09/2026 13:55
4a7ca5aa-744a-41a6-8136-92304acfaacb,reverie.lease,available,56.99,56.99,high,low,7,namesilo,,,17/09/2026 21:59
1cb284ec-7e03-4aae-8e31-ecf1f674b901,shenandoah.lease,available,44.71,44.71,medium,low,10,spaceship,,,27/09/2026 21:14
e5683795-9631-4183-9a5f-96ef08d4d0b0,marang.lease,available,56.99,56.99,medium,low,6,namesilo,,,20/09/2026 12:01
559d9915-f106-492d-b621-9fc525639d92,enthusiastic.lease,available,43.2,43.2,high,low,12,cloudflare,,,28/09/2026 11:14
6e740533-1dce-4ee5-b21e-21a7c1990a69,orpin.lease,available,14.99,71.99,medium,low,5,name.com,,,24/08/2026 08:00
4b80c8e6-1b82-4ad5-b844-5fc0ee0767eb,isaac.lease,available,58.98,73.98,high,low,5,namecheap,,,28/09/2026 19:31
76babcec-50aa-4141-8d39-389e58cec2bf,eternity.lease,available,84.99,84.99,high,low,8,godaddy,,,28/09/2026 01:51
00861ff2-857b-4428-bfc0-ddae27f7ecf6,kremlin.lease,available,58.98,73.98,high,low,7,namecheap,,,01/10/2026 02:50
4d04f1a3-4213-4e05-8fa4-c3166393dff9,order.lease,available,56.99,56.99,high,medium,5,namesilo,,,23/09/2026 20:44
e0e5e512-5cf1-48b3-aef5-2fa88061761a,sulphur.lease,available,56.99,56.99,medium,low,7,namesilo,,,20/09/2026 22:29
bfac5218-530b-4986-beb5-c4723046b675,alisma.lease,available,58.98,73.98,medium,low,6,namecheap,,,18/09/2026 08:02
214493bc-3040-488b-b5bd-0d9b41071627,objections.lease,available,8.24,46.23,low,low,10,dynadot,,,28/09/2026 13:15
af13618a-7e37-4947-9e54-0d9906ea1245,skid.lease,available,56.99,56.99,high,low,4,namesilo,,,30/09/2026 08:49
66f23c43-7ca4-44b2-8e24-777905f4de85,barstow.lease,available,56.99,56.99,medium,low,7,namesilo,,,22/09/2026 08:54
1c36fc2a-57cf-43b4-987c-9100cbc94a73,beechnut.lease,available,56.99,56.99,medium,low,8,namesilo,,,23/09/2026 00:13
495152bb-6011-4951-b9fa-20118004a7d4,eighth.lease,available,14.99,71.99,high,low,6,name.com,,,
87da90da-b5bf-46a3-aa3f-1a5b87dcdd5a,learnedly.lease,available,56.99,56.99,medium,low,9,namesilo,,,14/09/2026 16:04
d230b599-0430-4694-84a4-d33617af6834,ignacio.lease,available,8.24,46.23,medium,low,7,dynadot,,,28/09/2026 08:56
fbf4c1be-d8b9-43a3-81d6-12d8a680e253,oriented.lease,available,56.99,56.99,high,low,8,namesilo,,,26/09/2026 00:29
92d2a669-d98b-48df-9eb0-892d24b12570,vial.lease,available,56.99,56.99,high,low,4,namesilo,,,18/09/2026 23:48
c5f758ab-0bd2-4ef2-8136-d953ac8bd0d4,averaging.lease,available,56.99,56.99,high,low,9,namesilo,,,03/10/2026 03:36
a5ab681e-a1cb-4cfc-a527-7208bd944854,homy.lease,available,14.99,71.99,medium,low,4,name.com,,,21/08/2026 11:08
f758b7f9-a076-4364-b63a-27e6529610b9,readiness.lease,available,8.24,44.8,high,low,9,porkbun,,,29/09/2026 01:53
48af4267-f945-4df4-a302-cdfb721b4d9f,torpedo.lease,available,56.99,56.99,high,low,7,namesilo,,,28/09/2026 05:28
fae3bc0a-1af5-43a2-8d6e-6640619610e8,road.lease,available,56.99,56.99,high,low,4,namesilo,,,30/09/2026 10:19
fa8574da-29a8-43dd-94c9-762189e841d6,milliliter.lease,available,14.99,71.99,medium,low,10,name.com,,,11/08/2026 22:53
95eaff49-3798-44d1-ac3c-880a747193cb,escaped.lease,available,14.99,71.99,medium,low,7,name.com,,,07/08/2026 11:22
ca7d8988-2ec7-402f-a5e9-58bf6f2de2ae,pappa.lease,available,56.99,56.99,medium,low,5,namesilo,,,08/09/2026 23:42
d8c23888-4e42-49ed-b066-2aaf3334a458,many.lease,available,56.99,56.99,high,low,4,namesilo,,,25/09/2026 16:43
15d55911-8a96-4e04-b5b2-24914528dfe6,alcoholic.lease,available,14.99,71.99,high,low,9,name.com,,,
07a52c84-ffe9-4afd-960a-c768609cf4df,principled.lease,available,56.99,56.99,high,low,10,namesilo,,,27/09/2026 05:57
8c4ea2ad-80f7-4f9e-b93a-432ccb7f5c21,aditya.lease,available,56.99,56.99,high,low,6,namesilo,,,17/09/2026 08:23
54ba1734-9b61-4688-8a34-9c304795adfb,circus.lease,available,44.71,44.71,high,low,6,spaceship,,,29/09/2026 09:23
a3be083d-75ed-4808-911d-7a9221e50fd4,hud.lease,available,44.71,44.71,high,low,3,spaceship,,,01/10/2026 19:14
201dd54c-0db6-476b-9466-f820500a7030,sexuality.lease,available,56.99,56.99,high,low,9,namesilo,,,28/09/2026 10:54
03cdd415-8aeb-4cef-90a0-48d531384f15,traitor.lease,available,44.71,44.71,high,low,7,spaceship,,,27/09/2026 13:08
d2d82392-ef25-4865-9b82-5329171c3eb5,expressly.lease,available,56.99,56.99,medium,low,9,namesilo,,,14/09/2026 17:09
95990709-d889-41ef-82e4-a16896200d3c,edgeways.lease,available,56.99,56.99,medium,low,8,namesilo,,,14/09/2026 15:04
2833e4c4-7147-41b7-baae-68c70d5e3bb3,abscessed.lease,available,14.99,71.99,medium,low,9,name.com,,,
0e707945-069c-428d-bb54-4c4d2d9f5978,cadenced.lease,available,14.99,71.99,medium,low,8,name.com,,,11/08/2026 12:46
cc53dc62-eee0-4893-bdb9-c1547510670c,auk.lease,available,56.99,56.99,medium,low,3,namesilo,,,21/09/2026 04:07
40180f78-5ef7-4cd7-a628-5b2b4f251b30,applicator.lease,available,56.99,56.99,medium,low,10,namesilo,,,19/09/2026 21:55
4bccbeb8-db66-4bd7-bdd3-4dbe3397cea5,yarn.lease,available,43.2,43.2,high,low,4,cloudflare,,,29/09/2026 07:56
bf0643db-32c0-47e1-976e-169e3e18fc9c,moths.lease,available,43.2,43.2,medium,low,5,cloudflare,,,30/09/2026 06:56
c66bb387-b62d-4568-ba44-2d19d0fe9130,lucky.lease,available,58.98,73.98,high,medium,5,namecheap,,,25/09/2026 15:33
b1f9fd1d-be38-44ed-a629-2578c91d71b0,idol.lease,available,56.99,56.99,high,low,4,namesilo,,,22/09/2026 22:03
96ceddae-ee95-423c-9b14-4eadf678ff84,confine.lease,available,8.24,46.23,medium,low,7,dynadot,,,02/10/2026 15:57
7ee6bda0-4e21-4aab-9ab3-80a74c0cf14d,stella.lease,available,56.99,56.99,high,medium,6,namesilo,,,27/09/2026 04:03
53edfd76-3438-4b23-ae24-358dee5117d0,corrugated.lease,available,14.99,71.99,medium,low,10,name.com,,,13/08/2026 02:13
d714ac5f-a5bf-4061-9de3-601e7d360472,estelle.lease,available,56.99,56.99,medium,low,7,namesilo,,,29/09/2026 03:59
a0a69db3-948d-4da4-bf2d-0a343f01894e,tamworth.lease,available,56.99,56.99,medium,low,8,namesilo,,,01/10/2026 23:32
442d57a5-91d6-4fbe-8b4e-35f9eb8f649d,albula.lease,available,58.98,73.98,medium,low,6,namecheap,,,18/09/2026 03:24
ca564168-8973-41b8-bff9-774d9738de6c,grieve.lease,available,58.98,73.98,medium,low,6,namecheap,,,01/10/2026 21:44
749e9f6a-3285-4690-9520-493b36e02f5d,myeloid.lease,available,56.99,56.99,medium,low,7,namesilo,,,03/09/2026 12:06
01bcca8e-4302-4ad8-b244-f0017ed9c9b7,implanted.lease,available,14.99,71.99,medium,low,9,name.com,,,13/08/2026 22:47
d4197025-6aaa-48d5-acde-017e7567e4c5,jebel.lease,available,44.71,44.71,medium,low,5,spaceship,,,02/10/2026 18:53
77a9863f-39b0-426d-ad12-ac00970b1ea2,templeton.lease,available,8.24,46.23,medium,low,9,dynadot,,,28/09/2026 22:24
ad25a5d8-6bf7-471d-99d4-d95e8bdf6a1a,grandmothers.lease,available,58.98,73.98,medium,low,12,namecheap,,,20/09/2026 18:06
1a45514f-f565-4867-8c0c-7cae46b1f98a,babu.lease,available,56.99,56.99,medium,low,4,namesilo,,,21/09/2026 12:51
8137ce4b-970f-4624-b539-353a32a68b17,palawan.lease,available,56.99,56.99,high,low,7,namesilo,,,03/10/2026 03:16
98ff849a-9ece-42b1-bf48-46e63a545f64,molybdenum.lease,available,58.98,73.98,medium,low,10,namecheap,,,20/09/2026 23:05
1155e780-b8ee-4abc-ad09-1cc0659f9f87,secondary.lease,available,58.98,73.98,high,low,9,namecheap,,,25/09/2026 12:14
d5e477db-ff66-4f3b-967e-be45fbb1d1d5,corbin.lease,available,44.71,44.71,medium,low,6,spaceship,,,28/09/2026 07:42
244aa77a-83e4-4985-8622-7a71c7ee1d95,implants.lease,available,56.99,56.99,medium,low,8,namesilo,,,29/09/2026 17:38
532f2846-bab5-4009-8506-2f3e7a3b0eb1,bleep.lease,available,56.99,56.99,high,low,5,namesilo,,,23/09/2026 01:26
f0379bb7-93cf-4f39-9c50-d70bab5e3ce8,astatine.lease,available,58.98,73.98,medium,low,8,namecheap,,,20/09/2026 16:55
05084f4d-e024-487e-8d9f-58b5c27f09ed,greenpeace.lease,available,56.99,56.99,high,low,10,namesilo,,,30/09/2026 17:30
674a7aea-2547-4222-a9d1-17817c17ec7f,vegas.lease,premium,123.75,123.75,high,low,5,name.com,,,25/09/2026 15:39
2f477757-9301-4636-9270-507dc2b137f1,prettier.lease,available,56.99,56.99,medium,low,8,namesilo,,,18/09/2026 11:09
0a06a7fd-f5d8-4821-823d-84dc692805e8,aci.lease,available,44.71,44.71,high,low,3,spaceship,,,01/10/2026 16:49
a440e674-757b-44ec-a323-7a5c4cb6c2b1,amenities.lease,available,58.98,73.98,high,low,9,namecheap,,,18/09/2026 18:52
064c0086-47b5-486b-9dff-63f7295ee86d,rugs.lease,available,44.71,44.71,medium,low,4,spaceship,,,02/10/2026 03:20
ae6bfb99-30bb-459e-9d05-ab2403838114,nda.lease,available,8.24,46.23,high,low,3,dynadot,,,01/10/2026 23:16
658b966e-bb4f-46e7-a312-9c4f9c180817,dif.lease,available,43.2,43.2,high,low,3,cloudflare,,,02/10/2026 18:49
197effdf-4a2e-43ec-a345-da09f464602c,auberge.lease,available,58.98,73.98,medium,low,7,namecheap,,,21/09/2026 02:29
709a5d41-de53-4a73-b7e2-4336d5faab49,procedural.lease,available,56.99,56.99,high,low,10,namesilo,,,09/09/2026 02:31
1bdb07f9-2205-4522-a686-a859adfaa62e,tellurian.lease,available,56.99,56.99,medium,low,9,namesilo,,,11/09/2026 10:37
a4d0ce66-4023-472d-884b-4a08d9f62de2,provocative.lease,available,43.2,43.2,high,low,11,cloudflare,,,29/09/2026 08:33
606f6eb8-a918-4aef-974d-12af39cbee8a,manganese.lease,available,56.99,56.99,medium,low,9,namesilo,,,20/09/2026 22:40
be396332-1aab-4b54-87d1-22d7b0c3c89a,washington.lease,premium,102.67,102.67,high,low,10,spaceship,,,28/09/2026 20:59
0cc8e1fe-1707-43f9-8c16-997e2fd769ce,sculpted.lease,available,14.99,71.99,high,low,8,name.com,,,20/08/2026 18:50
0234c2cc-5072-4cf0-b97d-061d808f13d6,suddenly.lease,available,14.99,71.99,medium,low,8,name.com,,,13/08/2026 19:19
39c245c0-5f4c-411d-8037-33a2d9be0ccc,tactful.lease,available,14.99,71.99,high,low,7,name.com,,,22/08/2026 15:49
b5a9b86e-9f2a-4c57-b285-7d4fc1f51b4f,langer.lease,available,56.99,56.99,medium,low,6,namesilo,,,29/09/2026 02:56
ca1677f5-ff2c-4f81-9496-744c6767caf2,concessions.lease,available,44.71,44.71,medium,low,11,spaceship,,,30/09/2026 23:40
245ff36a-ade4-4ec7-99e2-5faf3ab3b0a0,heats.lease,available,43.2,43.2,high,low,5,cloudflare,,,01/10/2026 18:39
f807d835-cf17-45cf-a990-10a70301f5ce,ees.lease,available,8.24,46.23,medium,low,3,dynadot,,,02/10/2026 02:49
0f6453f2-ca9e-4e8c-a9d2-c701415ce82f,spade.lease,available,43.2,43.2,high,low,5,cloudflare,,,30/09/2026 02:04
16b98302-259b-4517-9499-e0a8a1c8f240,palermo.lease,available,44.71,44.71,high,low,7,spaceship,,,27/09/2026 15:11
1f57c769-2a17-4080-8716-9ab52a986084,adductive.lease,available,14.99,71.99,medium,low,9,name.com,,,
0fe8d9f3-96a8-43bf-873a-cc417a7699f4,testy.lease,available,14.99,71.99,medium,low,5,name.com,,,22/08/2026 10:29
cd045351-03dc-4a25-9ed4-ac96ef778690,kagan.lease,available,44.71,44.71,medium,low,5,spaceship,,,30/09/2026 12:34
13e55572-1ed1-4010-8831-b15043fd0219,pianist.lease,available,56.99,56.99,high,low,7,namesilo,,,29/09/2026 13:41
7a0be283-29df-4995-ab6c-063e53e76c99,burnett.lease,available,56.99,56.99,medium,low,7,namesilo,,,25/09/2026 03:44
f0f5aa83-c29b-430e-bc48-4a892baba322,plaguy.lease,available,14.99,71.99,medium,low,6,name.com,,,
5c91c25d-76f8-493d-9680-d193e39b19ce,elders.lease,available,56.99,56.99,low,low,6,namesilo,,,28/09/2026 08:45
761f387e-911a-4223-9432-1e9d3b1448bf,broadly.lease,available,56.99,56.99,medium,low,7,namesilo,,,28/09/2026 13:32
82cee74e-165a-4ceb-b7ea-adebcb06dd4e,taxa.lease,available,58.98,73.98,medium,low,4,namecheap,,,25/09/2026 17:29
051962ef-aa98-49a9-957d-8f0a3755d2dd,gifted.lease,available,14.99,71.99,high,low,6,name.com,,,18/08/2026 23:27
86276597-0cdc-4180-bdf0-52b630546b02,sideboard.lease,available,58.98,73.98,high,low,9,namecheap,,,24/09/2026 10:55
4e0d438e-27d6-425b-90ab-bc7603ce5153,inwardly.lease,available,56.99,56.99,medium,low,8,namesilo,,,15/09/2026 09:18
155a5dfb-a50c-4efa-9ac0-0c761dc76309,flooded.lease,available,14.99,71.99,high,low,7,name.com,,,08/08/2026 00:23
aa22f063-8981-415c-8a07-ab7f2c22fb52,toured.lease,available,58.98,73.98,medium,low,6,namecheap,,,20/09/2026 05:39
70bae863-eabd-44cd-b0d3-0e83ca0147e3,yamato.lease,available,8.24,44.8,high,low,6,porkbun,,,30/09/2026 13:00
ce57e9ef-cf84-460b-8d8b-1d3a8a25ac47,trilateral.lease,available,56.99,56.99,medium,low,10,namesilo,,,11/09/2026 14:28
1938153a-9a07-4e8d-96e3-bc5ef5ea0bdc,bollock.lease,available,56.99,56.99,medium,low,7,namesilo,,,21/09/2026 23:08
947a90b7-dfc9-48ca-9c4c-3d6f12950b35,roundup.lease,available,56.99,56.99,high,low,7,namesilo,,,03/10/2026 01:59
b5e109c6-8102-4bbb-829b-e5a53c8ea310,scanners.lease,available,58.98,73.98,medium,low,8,namecheap,,,19/09/2026 22:09
a0b48408-02c0-482d-b566-e8a1700d3c17,atom.lease,available,56.99,56.99,high,medium,4,namesilo,,,20/09/2026 21:53
78b065eb-b6f9-4ed3-a921-25186bf6b512,jaipur.lease,available,43.2,43.2,high,low,6,cloudflare,,,30/09/2026 20:47
52ba52e9-1306-43c2-8e57-664694eab6f2,bilge.lease,available,56.99,56.99,medium,low,5,namesilo,,,23/09/2026 15:50
b6196850-71a6-4590-97cd-b4122b8f6c95,visibly.lease,available,56.99,56.99,medium,low,7,namesilo,,,16/09/2026 11:04
71dbcbbc-673e-4bc9-ac34-8aef2c8f08fe,likeness.lease,available,56.99,56.99,high,low,8,namesilo,,,18/09/2026 07:48
6045b1c3-da6c-453e-85ce-95c7f9e4cbf3,lark.lease,available,8.24,44.8,high,low,4,porkbun,,,30/09/2026 09:46
0643b9d0-4f63-4bc4-915c-b0e5840e45fe,richter.lease,available,43.2,43.2,high,low,7,cloudflare,,,30/09/2026 04:42
6ed6fb44-42da-4f8c-b81b-dd4e596818f4,frugally.lease,available,58.98,73.98,high,low,8,namecheap,,,14/09/2026 20:25
b0651f08-e005-4b3e-89e6-7a5b5d98059d,concoct.lease,available,44.71,44.71,high,low,7,spaceship,,,30/09/2026 17:42
c912759a-f0f2-4525-bca7-1d42cece92ce,advection.lease,available,56.99,56.99,medium,low,9,namesilo,,,17/09/2026 10:31
7bcdb70b-0019-4750-9043-79dc5454d6a5,associate.lease,available,14.99,71.99,high,low,9,name.com,,,07/08/2026 06:50
1b6a56af-ac3d-400f-aa28-d5e9ed4af83e,artistic.lease,available,43.2,43.2,high,low,8,cloudflare,,,02/10/2026 17:15
61e52524-52c1-47b9-9631-1a3d3f448a6a,lay.lease,available,56.99,56.99,high,low,3,namesilo,,,25/09/2026 13:03
8839c366-a035-4478-9e96-133b71614924,equity.lease,premium,68.51,68.51,high,low,6,spaceship,,,30/09/2026 01:33
10cee3f2-d061-415b-87e1-b1569ee43625,homophobic.lease,available,14.99,71.99,medium,low,10,name.com,,,21/08/2026 13:04
9cb60906-cb55-4ceb-824e-0d5063bad4e4,adaptive.lease,available,44.71,44.71,high,low,8,spaceship,,,02/10/2026 01:04
8c1ef160-69a6-4e98-813e-46c5dfd6f692,developed.lease,available,56.99,56.99,high,low,9,namesilo,,,24/09/2026 07:51
b8ad9013-21a3-4945-808a-aeb1e0b985d5,sharpen.lease,available,44.71,44.71,high,low,7,spaceship,,,03/10/2026 02:36
5c53ddfc-6944-4679-8949-98afebfa25aa,bascule.lease,available,56.99,56.99,medium,low,7,namesilo,,,22/09/2026 09:54
c94b2734-e501-47c8-afc9-9e0586eb5d2d,circinate.lease,available,14.99,71.99,high,low,9,name.com,,,
e2625784-f068-4357-8827-528ca8c0b657,deducible.lease,available,14.99,71.99,medium,low,9,name.com,,,13/08/2026 22:25
4354d6ac-4454-40f5-bb5c-120b988cec7c,cortlandt.lease,available,43.2,43.2,medium,low,9,cloudflare,,,30/09/2026 22:25
f35687c2-7644-4971-8fab-91ef98c7298b,diver.lease,available,56.99,56.99,high,low,5,namesilo,,,29/09/2026 00:40
7bcf57ac-4523-4593-8fd7-401c88e2e7cd,cherish.lease,available,8.24,46.23,high,low,7,dynadot,,,29/09/2026 08:23
d482dd94-3dd6-409c-8582-d5f6dca9fb10,analytical.lease,available,14.99,71.99,high,low,10,name.com,,,
ed160168-4521-4b67-b890-3672736c7b32,backgammon.lease,available,56.99,56.99,high,low,10,namesilo,,,21/09/2026 15:34
455f6467-91d8-4d0c-8272-e7d1ae262d22,necked.lease,available,56.99,56.99,medium,low,6,namesilo,,,03/09/2026 14:40
875ab6aa-a519-4c25-b15f-3eb96cd38e0d,sion.lease,available,56.99,56.99,high,low,4,namesilo,,,28/09/2026 06:03
5f7bdcb6-97bd-40e8-8862-c85dfa1e73cf,brag.lease,available,56.99,56.99,high,low,4,namesilo,,,23/09/2026 00:49
4199888f-1fe5-4b4b-a6bc-bce01db7ac52,bothersome.lease,available,14.99,71.99,medium,low,10,name.com,,,
42dc94dc-5567-42ab-b49e-79fd530a3887,clanking.lease,available,14.99,71.99,high,low,8,name.com,,,12/08/2026 09:33
e9682e29-f5f5-48cf-8f33-1f208b156505,regensburg.lease,available,56.99,56.99,high,low,10,namesilo,,,30/09/2026 05:03
d826c509-ba78-4eaa-acff-410d3c12a34c,carthusian.lease,available,14.99,71.99,high,low,10,name.com,,,11/08/2026 19:53
26a668ea-cc89-4d7b-b045-08b2fed72fbd,yogic.lease,available,56.99,56.99,medium,low,5,namesilo,,,13/09/2026 14:41
15215b85-9249-4463-bd3f-4f841aed2d06,jig.lease,available,44.71,44.71,high,low,3,spaceship,,,01/10/2026 19:47
6df59e68-5db2-4260-beb1-e81026e08f0c,anointing.lease,available,56.99,56.99,medium,low,9,namesilo,,,19/09/2026 11:19
30f51a7b-570a-4240-85d4-ad49f969d949,nipper.lease,available,14.99,71.99,medium,low,6,name.com,,,25/08/2026 00:05
3a075ebb-b2a4-433e-8e23-cb6c6bf1978c,rocha.lease,available,56.99,56.99,high,low,5,namesilo,,,30/09/2026 13:48
736ec7b9-9e94-469a-852e-cde0d8dcd186,elkhart.lease,available,8.24,44.8,medium,low,7,porkbun,,,30/09/2026 13:59
573453e5-f935-45fc-b893-e457187d685a,citizens.lease,available,56.99,56.99,high,low,8,namesilo,,,18/09/2026 15:13
5bd135cb-90fe-4c81-83a1-8bed7e5748a3,hellenic.lease,available,14.99,71.99,high,low,8,name.com,,,20/08/2026 17:54
7dc95657-d73a-4152-90d1-9a12876c79ff,alsop.lease,available,58.98,73.98,medium,low,5,namecheap,,,02/10/2026 20:16
655a74ea-6aee-4897-af09-eebb20ac3274,essence.lease,available,43.2,43.2,high,low,7,cloudflare,,,03/10/2026 04:03
105700c3-a602-44f7-b687-76c88650ea0e,pile.lease,available,14.99,71.99,high,low,4,name.com,,,25/08/2026 00:39
3f0a7224-c874-4ab7-b74d-65630f435a97,curled.lease,available,14.99,71.99,medium,low,6,name.com,,,13/08/2026 11:19
f4265468-f09b-425e-8d8f-9967f3890e51,supersize.lease,available,56.99,56.99,high,low,9,namesilo,,,01/10/2026 23:38
24121e71-a16f-46c8-9781-4a3ad4281164,upanishads.lease,available,56.99,56.99,medium,low,10,namesilo,,,02/10/2026 22:57
81f0b1f4-bd2e-44bc-8a99-c3117ae24ab3,midwinter.lease,available,43.2,43.2,medium,low,10,cloudflare,,,02/10/2026 19:08
2e4e807a-0a9d-406f-8f40-1c3e5eea5017,terraced.lease,available,56.99,56.99,high,low,8,namesilo,,,29/09/2026 10:42
13c88c9c-8b01-4011-a67f-67be1790fee0,sewage.lease,available,58.98,73.98,medium,low,6,namecheap,,,30/09/2026 02:49
9776047e-7a06-4393-a8f3-6ee235b141c9,bodyguard.lease,available,58.98,73.98,high,low,9,namecheap,,,24/09/2026 06:33
f78e2baf-d708-4588-8dd6-b840dc296dd7,crushing.lease,available,14.99,71.99,high,low,8,name.com,,,13/08/2026 09:13
8c8f23a6-90a1-4b3b-a694-0bba1dcbca4c,truth.lease,available,56.99,56.99,high,medium,5,namesilo,,,28/09/2026 17:29
2071277f-1e57-4977-884d-41092973efff,granth.lease,available,58.98,73.98,medium,low,6,namecheap,,,17/09/2026 08:05
83c8dbc6-ce81-47f0-8567-37834f94c7e6,doubly.lease,available,56.99,56.99,medium,low,6,namesilo,,,14/09/2026 13:48
faf7f33a-96c8-40f0-ad0f-6b9e1804bc69,allmouth.lease,available,56.99,56.99,medium,low,8,namesilo,,,18/09/2026 11:45
2469f0b3-ac42-41bb-b4c7-e74c3bb8dcab,ils.lease,available,56.99,56.99,medium,low,3,namesilo,,,30/09/2026 00:10
12d77870-8265-48b7-aef3-3e69dc3158e9,ciliate.lease,available,14.99,71.99,medium,low,7,name.com,,,12/08/2026 08:06
89db65bf-6683-4a17-88dd-9a46de948fdd,construct.lease,available,58.98,73.98,high,low,9,namecheap,,,24/09/2026 10:59
b83e1653-7104-4021-bbfd-f1cc8ef9ba3e,outsiders.lease,available,56.99,56.99,high,low,9,namesilo,,,30/09/2026 00:41
336e2220-f00c-47c4-9cae-9ceb3446bccb,italic.lease,available,14.99,71.99,high,low,6,name.com,,,22/08/2026 11:37
4b8f4570-3c7a-4709-b0d5-1e8d7e78df4c,codes.lease,available,56.99,56.99,high,low,5,namesilo,,,02/10/2026 08:55
55e753f9-1412-4e49-86e0-f05874a3a8e8,selves.lease,available,44.71,44.71,low,low,6,spaceship,,,02/10/2026 21:25
d8b7a57a-e386-4cd4-9052-fe72fb72eb16,koran.lease,available,56.99,56.99,high,low,5,namesilo,,,18/09/2026 01:04
ca002679-578d-40c3-8d7b-d3a4059efa71,invoked.lease,available,43.2,43.2,medium,low,7,cloudflare,,,02/10/2026 03:36
31af82c6-8381-4ed9-9c55-fa4eea4c6b96,tennessee.lease,premium,118.8,118.8,high,low,9,namesilo,,,28/09/2026 11:00
ecc80439-4eaf-44cb-9032-c1e73aa01974,natality.lease,available,58.98,73.98,medium,low,8,namecheap,,,23/09/2026 21:04
1b025e19-8557-43b4-97a8-93de83f18288,bugbane.lease,available,58.98,73.98,medium,low,7,namecheap,,,18/09/2026 20:09
a47e47e4-d349-49ac-8baa-6295bcea8bc8,eatable.lease,available,14.99,71.99,medium,low,7,name.com,,,12/08/2026 18:47
a50543bb-6e33-4d21-b783-55e196f400fb,gmt.lease,available,56.99,56.99,medium,low,3,namesilo,,,28/09/2026 14:18
ab79c9ee-e26a-47d0-bd8b-8cc08cb81094,glittery.lease,available,14.99,71.99,high,low,8,name.com,,,
34b34039-a5fc-4087-bbe7-6760762324e9,honeymoons.lease,available,56.99,56.99,medium,low,10,namesilo,,,20/09/2026 01:32
a92871c1-8046-474f-995e-aa4ef8a5452b,armlet.lease,available,56.99,56.99,medium,low,6,namesilo,,,20/09/2026 06:20
1e3320ef-e44d-4629-ba90-ee4350709ed9,court.lease,available,8.24,46.23,high,low,5,dynadot,,,27/09/2026 16:05
fb8e5d68-0610-4e40-8f45-9e27221e34a4,montrose.lease,available,8.24,46.23,medium,low,8,dynadot,,,28/09/2026 04:14
96c66ecd-ebfa-4748-9402-224521b545ef,acetone.lease,available,58.98,73.98,high,low,7,namecheap,,,17/09/2026 00:07
2200dc51-5111-4d83-82d8-a96bf4a866d7,slashed.lease,available,56.99,56.99,medium,low,7,namesilo,,,10/09/2026 10:06
92235522-3832-4b07-93cd-835e18bbd3fa,putney.lease,available,44.71,44.71,medium,low,6,spaceship,,,30/09/2026 13:43
6b3d08b8-d07a-4d39-bcae-e60d7d651a99,balfour.lease,available,56.99,56.99,medium,low,7,namesilo,,,16/09/2026 12:19
27816a32-3caf-4449-bbf6-91585ffec46c,tourism.lease,available,43.2,43.2,high,low,7,cloudflare,,,29/09/2026 20:31
358e91e2-1a42-47e2-89ec-132119704c69,humanities.lease,available,58.98,73.98,high,low,10,namecheap,,,28/09/2026 22:20
54c4effa-6108-4b5a-958d-74f1535b48c0,dundalk.lease,available,8.24,46.23,medium,low,7,dynadot,,,02/10/2026 20:51
74b691c5-ae96-42ac-9a54-9e9ef0d9b197,bakersfield.lease,available,56.99,56.99,medium,low,11,namesilo,,,02/10/2026 00:41
418673d3-361f-48d6-83ca-5b65d312243c,quartet.lease,available,14.99,71.99,high,low,7,name.com,,,
ba71f22f-bb17-4ae6-ad50-96089e41578c,injections.lease,available,43.2,43.2,medium,low,10,cloudflare,,,01/10/2026 17:46
7929cc9e-cf79-45fc-96fd-c77ac5c8db33,halle.lease,available,56.99,56.99,high,low,5,namesilo,,,27/09/2026 04:25
54d7c43b-93b1-4dd6-85af-13daa8f304fa,resort.lease,available,44.71,44.71,high,low,6,spaceship,,,29/09/2026 22:04
64861d64-96e0-4d47-85ef-f8eaddf99771,untraveled.lease,available,56.99,56.99,medium,low,10,namesilo,,,12/09/2026 21:42
d452df59-0855-4507-9ef5-e8374b9cb6f6,subvert.lease,available,14.99,71.99,medium,low,7,name.com,,,13/08/2026 02:15
57add3ce-db87-4084-a5f3-91b5eb9bf1be,precinct.lease,available,44.71,44.71,medium,low,8,spaceship,,,28/09/2026 15:05
74c490aa-2a3b-4063-8147-5cd6e9f499cc,lena.lease,available,56.99,56.99,high,low,4,namesilo,,,25/09/2026 08:55
a3ae88ad-83a7-424d-aecb-492e48bb406b,outbreak.lease,available,44.71,44.71,medium,low,8,spaceship,,,28/09/2026 15:00
55d29b61-5037-4195-8faa-6419f61369fd,sidesaddle.lease,available,56.99,56.99,medium,low,10,namesilo,,,16/09/2026 01:43
4794b807-3c39-408e-b357-e773ee031799,thereafter.lease,available,56.99,56.99,high,low,10,namesilo,,,16/09/2026 08:38
dc24a737-fd04-4003-852e-46f65908c83e,usefully.lease,available,56.99,56.99,medium,low,8,namesilo,,,16/09/2026 10:28
4bfb687e-c2e0-4906-8da2-7f5eb3372b5c,obscurely.lease,available,56.99,56.99,medium,low,9,namesilo,,,15/09/2026 17:13
9ee2b9cf-80d7-4b98-99a4-7fb5e163ec17,casebook.lease,available,56.99,56.99,high,low,8,namesilo,,,08/09/2026 03:38
848874a1-1b59-4892-b5a2-8ffd9224bba2,servicemen.lease,available,8.24,44.8,medium,low,10,porkbun,,,02/10/2026 12:09
5946ece7-ac8c-453a-a551-d08387d3bbdd,soo.lease,available,43.2,43.2,medium,low,3,cloudflare,,,28/09/2026 21:20
aa73d175-6c74-46d0-8aee-0de51165c765,ends.lease,available,56.99,56.99,high,low,4,namesilo,,,25/09/2026 13:13
e123067e-09b5-4ef1-9754-a6998aaf829f,goody.lease,available,14.99,71.99,high,low,5,name.com,,,13/08/2026 15:54
9cf67aae-d5ac-4c38-aeb6-6671a818dd28,bellman.lease,available,56.99,56.99,medium,low,7,namesilo,,,23/09/2026 06:01
f8cc2172-14f1-48ee-8d35-0fe6670e0a8d,resource.lease,available,44.71,44.71,high,low,8,spaceship,,,28/09/2026 20:20
8a827a1a-85a6-4a5f-bd24-4d1dad79c744,beriberi.lease,available,58.98,73.98,medium,low,8,namecheap,,,23/09/2026 09:23
c242cbfe-de8c-417b-b9eb-bf0b55b088bc,shakable.lease,available,56.99,56.99,medium,low,8,namesilo,,,10/09/2026 05:32
8803275c-42ba-4b9e-b587-b570d8e2753d,schneider.lease,available,56.99,56.99,high,medium,9,namesilo,,,02/10/2026 09:33
fc9ed9a4-bf1b-4593-a2c3-8e1d62c77fe4,recluse.lease,available,56.99,56.99,high,low,7,namesilo,,,09/09/2026 11:38
d5900566-8a74-4dbc-ac65-fc6b472eda4b,bathe.lease,available,44.71,44.71,high,low,5,spaceship,,,29/09/2026 01:32
aa7e54c9-65f6-40d0-97f0-ee531abaadff,amuck.lease,available,14.99,71.99,medium,low,5,name.com,,,
83338172-fd0e-4c1f-8e0f-4d2fffea6a78,karim.lease,available,44.71,44.71,medium,low,5,spaceship,,,29/09/2026 03:37
64caad70-39e0-4150-8c7c-b3996441fea9,seeming.lease,available,8.24,44.8,high,low,7,porkbun,,,01/10/2026 18:12
672bab4f-4115-4bb8-8384-62d0d88cdbad,merseyside.lease,available,44.71,44.71,medium,low,10,spaceship,,,03/10/2026 04:39
610745a8-33b7-4016-badc-b13bdf140a74,genetically.lease,available,43.2,43.2,medium,low,11,cloudflare,,,28/09/2026 21:22
33ee0acb-f0f8-4237-875a-30611c562f31,expands.lease,available,56.99,56.99,medium,low,7,namesilo,,,02/10/2026 12:26
0c99e857-4c8f-48f6-8efb-93df7782055e,kershaw.lease,available,8.24,44.8,medium,low,7,porkbun,,,29/09/2026 22:25
e1bec80b-9f67-484e-b48c-755fd135368c,shame.lease,available,44.71,44.71,high,low,5,spaceship,,,29/09/2026 15:43
8b082bce-3370-418c-a31c-c13548da88c3,character.lease,available,56.99,56.99,high,low,9,namesilo,,,24/09/2026 13:45
4ee8d0e2-0e94-43c8-af4c-a123096c475f,untrustworthy.lease,available,14.99,,medium,low,13,name.com,,,
bc4f2ed4-948d-4362-961e-9c6b89267b83,straws.lease,available,56.99,56.99,medium,low,6,namesilo,,,20/09/2026 08:03
91e7abb6-1857-4ba5-b0fe-e84bae2b76fc,trial.lease,available,58.98,73.98,high,low,5,namecheap,,,30/09/2026 13:04
a3727308-8de8-43d5-9e96-6f543970e824,alonso.lease,available,58.98,73.98,high,low,6,namecheap,,,18/09/2026 07:29
9b39e264-bbd6-420d-adfd-dda92f365a69,trained.lease,available,56.99,56.99,high,low,7,namesilo,,,28/09/2026 09:30
4c40af12-7f68-4a6a-99d8-da668eab76b6,silesian.lease,available,56.99,56.99,medium,low,8,namesilo,,,29/09/2026 03:15
e76a3607-0f7a-4cee-9975-1e77340debd7,latex.lease,available,44.71,44.71,high,low,5,spaceship,,,29/09/2026 13:16
3b2f36ba-32eb-4ba0-ab8c-f8b7023e926a,some.lease,available,56.99,56.99,high,low,4,namesilo,,,19/09/2026 12:35
c15971d1-6bf8-45c6-892d-07920da23c98,spawning.lease,available,44.71,44.71,medium,low,8,spaceship,,,30/09/2026 20:08
cb9f518f-8de6-4ac7-9882-bd4d7ffa9347,unselfish.lease,available,58.98,73.98,high,low,9,namecheap,,,12/09/2026 19:16
c38fc265-216c-440c-ba7c-e3a348838920,gilligan.lease,available,56.99,56.99,medium,low,8,namesilo,,,30/09/2026 21:55
bf521093-4d2f-4100-803a-346d6d35234c,punching.lease,available,56.99,56.99,medium,low,8,namesilo,,,29/09/2026 00:06
9953c1df-812a-4f04-b9df-0dbb982e2b71,morally.lease,available,56.99,56.99,medium,low,7,namesilo,,,15/09/2026 15:25
d5c70940-59e7-4f2b-9fe8-40d15d25eb75,nubia.lease,available,56.99,56.99,high,low,5,namesilo,,,01/10/2026 21:09
551e0ab4-346a-4086-af7a-b6c79c6f7df4,lil.lease,available,56.99,56.99,high,low,3,namesilo,,,27/09/2026 06:06
ed2fe124-7a5f-4c08-98b7-4398682b87c8,kale.lease,available,56.99,56.99,high,low,4,namesilo,,,24/09/2026 06:48
a2883640-23d0-47b6-97c3-d43683eae45a,tossing.lease,available,56.99,56.99,high,low,7,namesilo,,,30/09/2026 03:58
9faf9719-d782-4a3b-af55-5d40a0d9cbf1,interpreted.lease,available,44.71,44.71,high,low,11,spaceship,,,30/09/2026 06:10
3597232d-318f-4c8d-bcd6-ec8902a69c11,eyesight.lease,available,44.71,44.71,high,low,9,spaceship,,,29/09/2026 18:51
a6020176-ba2b-4564-9bbb-83483c64626a,around.lease,available,56.99,56.99,high,low,6,namesilo,,,21/09/2026 14:17
0d760e66-b53a-4d90-8607-93d9838fc5ba,disgraceful.lease,available,44.71,44.71,medium,low,11,spaceship,,,30/09/2026 23:03
2a304639-f662-4bef-bcc9-a3b12f89d46d,mural.lease,available,56.99,56.99,high,low,5,namesilo,,,03/09/2026 11:00
049d2723-121c-4887-8621-aa2c52712685,pursue.lease,available,43.2,43.2,high,low,6,cloudflare,,,28/09/2026 06:57
39589abb-2605-4f3f-b06e-b55ce2c512be,cutters.lease,available,56.99,56.99,medium,low,7,namesilo,,,01/10/2026 18:41
d3534843-a688-4575-94db-a55c395a553f,hoax.lease,available,56.99,56.99,high,low,4,namesilo,,,30/09/2026 01:25
bcf899ae-0a6b-429a-b1bf-641869df571b,icing.lease,available,56.99,56.99,high,low,5,namesilo,,,01/10/2026 02:14
3a983408-bfdf-4ba4-b577-ad6e5f5f8bdd,squealed.lease,available,56.99,56.99,low,low,8,namesilo,,,20/09/2026 17:30
1131768c-a606-4588-a397-9b72805e10f3,gibbons.lease,available,8.24,46.23,medium,low,7,dynadot,,,29/09/2026 04:20
2d0f1c83-ba1b-49e6-a7cf-1b2c13207275,outback.lease,available,56.99,56.99,high,low,7,namesilo,,,26/09/2026 03:21
3f4778a1-e0ed-4ec4-86bc-517cb3634d80,bearwood.lease,available,58.98,73.98,medium,low,8,namecheap,,,22/09/2026 20:58
efd94e93-4e6e-4dc3-a78b-b9ed7b3a6ce1,hotcake.lease,available,56.99,56.99,high,low,7,namesilo,,,22/09/2026 14:33
fa994c8b-94cc-4604-8ce6-e58d08ef599c,franchises.lease,available,44.71,44.71,medium,low,10,spaceship,,,02/10/2026 03:34
82769251-de81-46f0-9773-0e4621e104b0,perugia.lease,available,43.2,43.2,medium,low,7,cloudflare,,,29/09/2026 21:46
61551535-b9c7-48fd-9f07-18a94f2c61fa,pyrrhic.lease,available,56.99,56.99,medium,low,7,namesilo,,,09/09/2026 07:12
89cce370-48a6-4caf-b05a-a448b5ab900a,collision.lease,available,44.71,44.71,high,low,9,spaceship,,,29/09/2026 10:17
6ddfa0c4-5edd-4d5f-af53-b10789ad54af,antoinette.lease,available,56.99,56.99,high,low,10,namesilo,,,01/10/2026 08:30
6924d7ef-783d-45db-b603-440285b2286d,lviv.lease,available,43.2,43.2,medium,low,4,cloudflare,,,30/09/2026 21:20
23155ebd-8bed-4796-ae30-37210bafd8fe,pellets.lease,available,8.24,44.8,medium,low,7,porkbun,,,02/10/2026 21:59
6aaac196-bc06-4616-b31c-6a046944ac63,dispute.lease,available,43.2,43.2,medium,low,7,cloudflare,,,28/09/2026 13:42
3224510b-ea24-451d-987e-07e775a10367,hua.lease,available,56.99,56.99,high,low,3,namesilo,,,18/09/2026 01:18
0273da5e-8c9b-40e4-aa3e-c9584aca1382,multiplication.lease,available,14.99,,medium,low,14,name.com,,,
838d305f-6d9d-42d9-a550-15abe0135e0a,unlisted.lease,available,56.99,56.99,medium,low,8,namesilo,,,12/09/2026 14:55
093a386a-1556-4c3c-ba2a-0e989c6b7a67,diabetic.lease,available,14.99,71.99,high,low,8,name.com,,,14/08/2026 05:36
5e62a974-d1ae-4deb-ae63-a66c1c21129e,yeah.lease,available,44.71,44.71,high,low,4,spaceship,,,28/09/2026 16:49
55458014-4845-4224-9f33-4e863cbaf37b,liberating.lease,available,58.98,73.98,high,low,10,namecheap,,,30/09/2026 19:42
4a592771-b3dc-4132-b9b7-d14863f22733,josiah.lease,available,58.98,73.98,medium,low,6,namecheap,,,27/09/2026 01:34
fb06e177-0a2a-4845-99e0-ca1937c7b44c,blanche.lease,available,58.98,73.98,medium,low,7,namecheap,,,26/09/2026 03:36
f1c90b10-ee38-4439-81a3-f99bec396c79,volcanic.lease,available,56.99,56.99,high,low,8,namesilo,,,13/09/2026 06:48
44aac76d-29b1-449b-85a9-c58e7b965d58,nucleated.lease,available,56.99,56.99,medium,low,9,namesilo,,,03/09/2026 22:22
965d7c8b-6682-4177-ae3f-24df1fb7f08a,onomastic.lease,available,56.99,56.99,medium,low,9,namesilo,,,04/09/2026 15:15
cf3ad6b3-89fe-4419-b149-00c9af80e7cf,sprucely.lease,available,56.99,56.99,medium,low,8,namesilo,,,15/09/2026 15:17
f9176a44-1c31-4cfb-9b18-e7671ae507ce,goldwyn.lease,available,44.71,44.71,medium,low,7,spaceship,,,30/09/2026 17:29
cc2d0fb8-c60e-468b-a4a1-907a56dc5a75,soundlike.lease,available,14.99,,low,low,10,name.com,,,
3196186b-49d6-4586-8e2a-9e14b1aad33b,likely.lease,available,58.98,73.98,high,low,6,namecheap,,,25/09/2026 13:46
c210f6f5-1e68-44b5-be26-d8abb85a0c95,anole.lease,available,58.98,73.98,medium,low,5,namecheap,,,18/09/2026 19:28
a26acee0-13c3-40fd-9d5e-781efa6ea569,privileged.lease,available,58.98,73.98,high,low,10,namecheap,,,27/09/2026 06:20
ac37483a-099d-446e-a829-267774d39393,preposterous.lease,available,44.71,44.71,medium,low,12,spaceship,,,30/09/2026 19:43
59dbcb4f-4e4e-4b27-9521-202596e8fd5a,vga.lease,available,58.98,73.98,high,low,3,namecheap,,,02/10/2026 19:59
87a5a43d-5eed-42ef-8e1a-bb8bcc3a5377,adenium.lease,available,56.99,56.99,medium,low,7,namesilo,,,17/09/2026 07:28
becde5eb-e415-47e9-8380-542608adcdc7,cantabile.lease,available,14.99,71.99,medium,low,9,name.com,,,11/08/2026 17:38
5a2e5c5f-b49a-4ba2-8799-5eb123e34c1c,viral.lease,available,56.99,56.99,high,medium,5,namesilo,,,13/09/2026 05:53
bc50971d-30d7-4a33-8f73-4055368d77de,goddamn.lease,available,14.99,71.99,medium,low,7,name.com,,,10/08/2026 12:46
145c4570-7025-4ac0-9d6d-4253e753b445,bias.lease,available,14.99,71.99,medium,low,4,name.com,,,09/08/2026 18:35
27bb6fbd-6c60-493f-966a-2dd8b67682f6,person.lease,available,56.99,56.99,high,low,6,namesilo,,,25/09/2026 09:11
2291587b-83c6-4d5b-9ab6-636154996315,flee.lease,available,44.71,44.71,high,low,4,spaceship,,,30/09/2026 19:54
6a9d8055-d1d7-4ada-ab4e-9ab36d0634ad,gobs.lease,available,56.99,56.99,high,low,4,namesilo,,,14/09/2026 23:34
a39ec1ba-327f-4b3b-a97b-7b7e7b2f37ce,onshore.lease,available,14.99,71.99,high,low,7,name.com,,,22/08/2026 06:55
39f4be82-5ddd-4ac0-8a08-b0870bb812b7,scotty.lease,available,44.71,44.71,high,low,6,spaceship,,,29/09/2026 22:06
16a2b2ef-54fa-4ca3-a89c-fb840f09b420,opulent.lease,available,14.99,71.99,high,low,7,name.com,,,14/08/2026 00:58
d98e4ac2-696d-4dcb-a44c-8c7403c15e4e,athletes.lease,available,56.99,56.99,medium,low,8,namesilo,,,29/09/2026 00:04
4cbebd08-797d-41ad-96ee-194acd86c90d,wikimedia.lease,available,,,high,high,9,,,,
a63b3753-67af-48a5-b86c-62650a75ad56,beneath.lease,available,8.24,44.8,medium,low,7,porkbun,,,28/09/2026 12:25
f5d07a7a-33e3-45f3-b826-fdfd31d6f8d4,exaggerated.lease,available,43.2,43.2,medium,low,11,cloudflare,,,29/09/2026 14:24
0f730950-8eec-43e9-96a2-571b8917ee41,herald.lease,available,56.99,56.99,high,low,6,namesilo,,,16/09/2026 22:39
db7ae668-e59b-4070-94b7-2a81f192cb95,whacky.lease,available,14.99,71.99,medium,low,6,name.com,,,06/08/2026 21:32
a0963aad-c28e-4460-844f-72e72ce488fb,elected.lease,available,14.99,71.99,high,low,7,name.com,,,16/08/2026 02:35
cbd71976-8c1a-4f18-baa8-46923e1526d2,porous.lease,available,14.99,71.99,medium,low,6,name.com,,,21/08/2026 10:25
72136e3a-7f98-4bb4-9610-28360385db1e,orbit.lease,available,56.99,56.99,high,medium,5,namesilo,,,18/09/2026 16:49
051ad16e-d131-4cbf-8e7b-6087824406a4,europeans.lease,available,44.71,44.71,medium,low,9,spaceship,,,30/09/2026 15:43
cc833bb6-ab2d-4414-bed9-0c8694b220ac,nevermore.lease,available,56.99,56.99,medium,low,9,namesilo,,,15/09/2026 16:30
177e5b23-d32c-4259-a9dd-8acd48c343ac,penultima.lease,available,56.99,56.99,medium,low,9,namesilo,,,08/09/2026 15:14
23c24dba-e1e5-44f1-9e5a-fd897cf0573b,chauffeur.lease,available,44.71,44.71,high,low,9,spaceship,,,29/09/2026 11:53
985ec977-6946-46ff-844d-9356898ba9d8,pistols.lease,available,44.71,44.71,medium,low,7,spaceship,,,29/09/2026 11:19
96d48302-6cea-4ba9-8013-a212f64cad03,troy.lease,available,44.71,44.71,high,low,4,spaceship,,,29/09/2026 19:15
0f18f493-9f63-4713-972a-e76fd3698b8b,bereft.lease,available,14.99,71.99,low,low,6,name.com,,,09/08/2026 15:05
c86bd298-8d56-482e-9e60-2c2e94562819,grandad.lease,available,44.71,44.71,high,low,7,spaceship,,,29/09/2026 21:10
b8a3c1bb-cb5f-4cab-95a2-c6232a995744,bombproof.lease,available,14.99,71.99,high,low,9,name.com,,,10/08/2026 18:09
52bdd41a-03db-4e27-9252-ab2f92c16d8b,barony.lease,available,56.99,56.99,medium,low,6,namesilo,,,22/09/2026 07:36
2667a6ab-93b0-4426-83d9-c1914f6ddece,holey.lease,available,14.99,71.99,medium,low,5,name.com,,,21/08/2026 10:23
6d821e27-d2f6-4a77-a74b-6deed722ba21,hicks.lease,available,56.99,56.99,medium,low,5,namesilo,,,28/09/2026 12:48
95770ade-9775-4982-b334-d3fde286f9e8,footballers.lease,available,58.98,73.98,medium,low,11,namecheap,,,20/09/2026 13:07
28ff7309-1907-4931-b893-3a5f9ce1d5e0,masterless.lease,available,14.99,71.99,medium,low,10,name.com,,,24/08/2026 09:55
19b7a84d-2496-477a-9f28-f0394ae65b14,ven.lease,available,43.2,43.2,medium,low,3,cloudflare,,,29/09/2026 16:15
898fac2c-ff07-45fd-a1b2-95fbf3dfd2d3,cleanly.lease,available,14.99,71.99,high,low,7,name.com,,,12/08/2026 10:21
d1dfe3c5-ab6e-4511-af67-291822bb6a6f,learner.lease,available,56.99,56.99,high,low,7,namesilo,,,19/09/2026 22:19
08a598a5-0bd4-49a0-b699-3bd29ef98c21,winslow.lease,available,8.24,46.23,medium,low,7,dynadot,,,30/09/2026 09:31
4b030fa8-6ac5-4b58-a5aa-e26df09c0678,hacker.lease,available,56.99,56.99,high,medium,6,namesilo,,,24/09/2026 20:44
947c2b07-febc-47c3-a41f-dc8001265cd6,angeles.lease,available,56.99,56.99,high,low,7,namesilo,,,25/09/2026 16:22
9d314f9c-8ad4-47b8-91ef-4e8fc905f934,unbleached.lease,available,56.99,56.99,medium,low,10,namesilo,,,12/09/2026 02:04
de8187e2-3637-4aa5-9a90-a87f5cf57be3,winterthur.lease,available,44.71,44.71,high,low,10,spaceship,,,02/10/2026 09:54
896a0d3e-64b1-4e05-ae3d-de3a476a7df2,infancy.lease,available,56.99,56.99,high,low,7,namesilo,,,21/09/2026 13:47
0a4581fe-5bcc-40f0-8f46-c858824c33ea,wilbur.lease,available,56.99,56.99,high,low,6,namesilo,,,27/09/2026 07:43
742ac79c-36ba-4e5a-9dc3-9a756f26fd31,mediatory.lease,available,14.99,71.99,medium,low,9,name.com,,,24/08/2026 18:55
e79f3dfe-b5aa-4491-8db3-2cdc5271eaa6,metamorphosis.lease,available,58.98,73.98,medium,low,13,namecheap,,,02/10/2026 11:50
8fe2c24d-d034-450d-ae8e-5878e1345a1f,convent.lease,available,8.24,46.23,medium,low,7,dynadot,,,29/09/2026 11:58
86f5883a-24e8-4552-9a46-b6d7131345c5,anzac.lease,available,56.99,56.99,medium,low,5,namesilo,,,19/09/2026 16:00
d441320e-31e2-4f52-b7f7-412eb4ef3323,kabul.lease,available,44.71,44.71,high,low,5,spaceship,,,27/09/2026 12:08
ceb26ab4-2e49-4f74-94b8-0958c4b4b4c5,delegates.lease,available,8.24,46.23,medium,low,9,dynadot,,,29/09/2026 17:31
5f2eea52-a24c-453e-81aa-a35c050f4cdb,oaxaca.lease,available,44.71,44.71,high,low,6,spaceship,,,28/09/2026 06:30
aab188cd-c72f-432a-a752-dcbc98568caf,ametria.lease,available,58.98,73.98,medium,low,7,namecheap,,,18/09/2026 21:07
e37bd8f7-008e-4b51-9d1f-a9c71656fd3b,sosa.lease,available,56.99,56.99,medium,low,4,namesilo,,,01/10/2026 06:54
00e3c376-5654-4cd2-9ea1-b12d5e18845c,promptly.lease,available,58.98,73.98,high,low,8,namecheap,,,09/09/2026 08:42
3b161331-3bc1-416b-a214-39b43bea7bb4,thrace.lease,available,8.24,44.8,medium,low,6,porkbun,,,28/09/2026 20:38
c5eeed13-52ff-48a4-b6c7-83d95724651b,hotter.lease,available,44.71,44.71,high,low,6,spaceship,,,29/09/2026 08:52
3bff2cb9-bd5d-4e3d-aabc-c7fa93ffa608,telly.lease,available,56.99,56.99,high,low,5,namesilo,,,24/09/2026 06:44
46a12c8d-a255-4395-8414-2525f6b68fb4,avaram.lease,available,58.98,73.98,medium,low,6,namecheap,,,21/09/2026 08:40
5d531db4-2882-4cfd-b615-63e538a485b8,multiply.lease,available,56.99,56.99,high,low,8,namesilo,,,15/09/2026 15:37
f00da7a0-9771-4f94-8b28-96ad68116801,ante.lease,available,56.99,56.99,high,low,4,namesilo,,,19/09/2026 12:39
bc2a4897-189d-441f-9e47-d6742046deda,vodka.lease,premium,68.51,68.51,high,low,5,spaceship,,,30/09/2026 14:34
beb8a1f4-949b-4a52-9c09-1f16c4b9be25,trios.lease,available,56.99,56.99,medium,low,5,namesilo,,,19/09/2026 22:38
1f2c2c75-e5b2-4ab1-897c-fa8850cbed88,distributive.lease,available,44.71,44.71,high,low,12,spaceship,,,29/09/2026 21:23
b6287248-4243-4d06-be72-88a591f4b678,reluctantly.lease,available,44.71,44.71,medium,low,11,spaceship,,,30/09/2026 11:53
03ecccd1-0c42-407c-9c79-47b61bade884,resting.lease,available,44.71,44.71,high,low,7,spaceship,,,28/09/2026 04:49
16643b83-0b35-40e8-bc6a-f749a1e32126,wheaton.lease,available,44.71,44.71,high,low,7,spaceship,,,28/09/2026 07:32
5f91b6cb-bd6c-40ae-831d-da59263873c0,passionately.lease,available,43.2,43.2,high,low,12,cloudflare,,,01/10/2026 18:20
0e2ef64e-3925-4cf2-b5cc-68f2e144c749,lxxi.lease,available,14.99,71.99,medium,low,4,name.com,,,
b261b9e5-c9b1-48e7-8723-85efb7e2adf1,hangman.lease,available,44.71,44.71,high,low,7,spaceship,,,02/10/2026 05:10
919c58e4-d8e4-468b-b91c-2270df123078,correctional.lease,available,56.99,56.99,medium,low,12,namesilo,,,29/09/2026 14:55
2891a40d-407d-4f64-ae9f-5f4eb0ef3d47,marx.lease,available,56.99,56.99,high,low,4,namesilo,,,20/09/2026 11:00
29e691aa-af31-42ba-847b-78337a86f1cd,ross.lease,premium,118.8,118.8,high,low,4,namesilo,,,23/09/2026 11:35
8475965c-e497-4e02-bd71-fb6507bfb73f,zimmerman.lease,available,56.99,56.99,high,low,9,namesilo,,,27/09/2026 20:41
ab9f1ee5-df96-475a-afc1-67aaf73f09f6,shilling.lease,available,56.99,56.99,high,low,8,namesilo,,,02/10/2026 23:37
72fe9413-0229-4214-a002-f6decbfb4da1,fostering.lease,available,8.24,46.23,high,low,9,dynadot,,,02/10/2026 23:42
863c0bd0-60ab-4319-9d2d-4232d090b6f1,raisins.lease,available,43.2,43.2,medium,low,7,cloudflare,,,02/10/2026 02:55
d955b8ce-6a85-450b-b223-51af18069ae3,vindictive.lease,available,14.99,71.99,medium,low,10,name.com,,,14/08/2026 04:21
96a2fecd-e25d-4b1f-83cc-ca2b82385c4b,javanese.lease,available,14.99,71.99,high,low,8,name.com,,,22/08/2026 12:28
9394f428-2384-4eee-b954-c9424601c561,fog.lease,available,44.71,44.71,high,low,3,spaceship,,,02/10/2026 23:47
9487b1b1-5c0a-4b0e-8d03-b0f4ca946c90,hartman.lease,available,44.71,44.71,high,low,7,spaceship,,,28/09/2026 00:35
4baf6336-258d-40e4-9540-e1973b5f4f41,bustling.lease,available,14.99,71.99,high,low,8,name.com,,,11/08/2026 11:21
8bd17e18-aa0b-4941-b3a4-681651ceaa5e,loans.lease,premium,54.36,108.6,high,low,5,porkbun,,,01/10/2026 03:20
25a6c897-747f-4cc6-a0cd-9089187109d0,cough.lease,available,58.98,73.98,high,low,5,namecheap,,,24/09/2026 18:37
ab9c1cda-f654-4b6c-913c-9cc2590e03bc,ascendency.lease,available,56.99,56.99,high,low,10,namesilo,,,20/09/2026 13:06
666c8b86-6439-40c3-9464-e9c726131432,alcoves.lease,available,58.98,73.98,low,low,7,namecheap,,,20/09/2026 22:35
0cba6a00-26d9-4606-bdd7-bea91b9b8227,barebacked.lease,available,14.99,71.99,medium,low,10,name.com,,,08/08/2026 18:44
347ca013-5aee-47fb-8cb4-2e7e618513d7,mosquito.lease,available,56.99,56.99,medium,low,8,namesilo,,,30/09/2026 05:20
54408315-7307-48ed-8604-c11a56bf727a,allotment.lease,available,56.99,56.99,high,low,9,namesilo,,,18/09/2026 11:46
46b968f2-e852-4848-8503-2f6350e2c563,bellow.lease,available,56.99,56.99,medium,low,6,namesilo,,,23/09/2026 06:17
495c9890-4078-4411-afe9-e9c2b327da99,prime.lease,premium,520,520,high,high,5,namecheap,,,24/09/2026 20:23
4661cb31-b390-4e1f-9955-142d547e15b2,powers.lease,available,56.99,56.99,high,low,6,namesilo,,,02/10/2026 09:16
f65ad63b-b777-4763-bfcc-693ad6ccbad4,rugged.lease,available,14.99,71.99,high,low,6,name.com,,,18/08/2026 18:56
c5565c6f-30f6-4497-8c03-deea122d032b,foliate.lease,available,14.99,71.99,high,low,7,name.com,,,18/08/2026 10:15
fa874ed7-2b4b-4ee8-9ca7-71ce3056db62,freak.lease,available,56.99,56.99,high,low,5,namesilo,,,17/09/2026 06:50
a025f92c-f684-434f-9f4e-b308f797b30d,moneyless.lease,available,14.99,71.99,medium,low,9,name.com,,,25/08/2026 04:43
569b16b3-14b4-49b8-afcf-0364e2667bd0,folklore.lease,available,8.24,46.23,high,low,8,dynadot,,,30/09/2026 01:40
1cfb299e-5f00-42d2-ba6e-7448504b7e01,reconciled.lease,available,14.99,71.99,high,low,10,name.com,,,09/09/2026 11:49
2f15b835-c275-477b-b27a-f12c70c7fbbc,provoke.lease,available,56.99,56.99,high,low,7,namesilo,,,29/09/2026 22:15
3174b628-34f6-4a5d-91b6-15ed62b2a3a1,adlai.lease,available,56.99,56.99,medium,low,5,namesilo,,,03/10/2026 04:50
e00ded7b-5c45-45e1-8416-ff37891f010f,albany.lease,available,56.99,56.99,high,low,6,namesilo,,,18/09/2026 02:27
5fe1c574-117f-45cd-b318-29fce916ac2e,dayton.lease,available,84.99,84.99,high,low,6,godaddy,,,30/09/2026 01:15
532b286b-97ad-465f-80d0-4711376b688f,sleepily.lease,available,56.99,56.99,medium,low,8,namesilo,,,16/09/2026 02:32
7ee0433f-e81f-4987-8bdf-941f7ce4fb84,receptionist.lease,available,44.71,44.71,high,low,12,spaceship,,,30/09/2026 12:16
90fd6ec3-dab6-4a7d-810e-3e78a9af5e79,become.lease,available,8.24,44.8,high,low,6,porkbun,,,30/09/2026 15:37
f7940853-dd5c-496d-9c2f-0c33b6ff0080,sheds.lease,available,44.71,44.71,medium,low,5,spaceship,,,02/10/2026 22:50
5b33ad52-07e9-4288-b3f3-d88232f74a66,dangerously.lease,available,56.99,56.99,medium,low,11,namesilo,,,29/09/2026 14:40
0d11e6cb-f5c3-46a1-ae85-b2f771d7fa0f,unload.lease,available,44.71,44.71,high,low,6,spaceship,,,29/09/2026 08:24
0f7fc6dc-348e-4a93-9a7b-1ee381844124,hieroglyph.lease,available,14.99,71.99,medium,low,10,name.com,,,21/08/2026 08:33
1e86956f-9c62-46ec-95b3-0ee0dcaaae5c,cashew.lease,available,56.99,56.99,high,low,6,namesilo,,,19/09/2026 01:00
0689c0dd-6d3f-4280-929c-1fe6730f7fc9,sunless.lease,available,14.99,71.99,medium,low,7,name.com,,,12/08/2026 12:31
846f58f9-c619-4c27-803c-27e6e25b995e,deere.lease,available,8.24,44.8,high,low,5,porkbun,,,30/09/2026 01:17
e4897bf8-0e54-4a45-9d3c-7150e706c881,bop.lease,available,56.99,56.99,high,low,3,namesilo,,,22/09/2026 10:28
e038da6d-b562-4123-9f3d-12cab7cfdaa2,unpassable.lease,available,14.99,71.99,medium,low,10,name.com,,,21/08/2026 21:49
8f63671c-6516-4ae8-abd8-63802f2d7ec7,look.lease,available,56.99,56.99,high,low,4,namesilo,,,24/09/2026 21:51
ab278b9a-e70c-4381-af45-ddda643d6353,monuments.lease,available,58.98,73.98,medium,low,9,namecheap,,,30/09/2026 15:18
a8875474-6020-4624-ac44-1c913ba027c8,curator.lease,available,56.99,56.99,high,low,7,namesilo,,,24/09/2026 17:27
16927607-da20-41d9-966a-4650a2b598a0,aorta.lease,available,56.99,56.99,medium,low,5,namesilo,,,19/09/2026 16:04
dd03d67f-2b06-4592-9a69-cb1ea60a29c4,glossary.lease,available,58.98,73.98,high,low,8,namecheap,,,29/09/2026 20:53
e86294ba-72ed-4d46-acaf-8c38cf1483fe,forgets.lease,available,56.99,56.99,medium,low,7,namesilo,,,30/09/2026 16:05
bb4762cf-4599-4290-b614-f611c6be951c,hollering.lease,available,56.99,56.99,medium,low,9,namesilo,,,23/09/2026 06:21
0ee5768e-345b-45b7-9e8b-cb45fa6f3cc1,maxine.lease,available,58.98,73.98,medium,low,6,namecheap,,,28/09/2026 22:02
01b73183-11d9-475d-9d83-d73a41fb1b38,follicular.lease,available,14.99,71.99,medium,low,10,name.com,,,18/08/2026 10:20
638a1afb-1c78-4ab9-85db-42be771d9487,simultaneous.lease,available,44.71,44.71,high,low,12,spaceship,,,30/09/2026 06:08
08549d32-13d1-40b2-b4d0-442201fee37a,headset.lease,available,56.99,56.99,high,low,7,namesilo,,,01/10/2026 02:32
09ad10c1-a8f0-4de0-a371-d90ef44eaf8d,creativity.lease,available,58.98,73.98,high,low,10,namecheap,,,24/09/2026 19:19
c6e80ca5-e328-40d3-b028-5909617bd88e,knowing.lease,available,56.99,56.99,high,low,7,namesilo,,,25/09/2026 10:04
e8fa6c5b-5808-4730-9e23-a929cd1da3d8,adm.lease,available,8.24,46.23,high,low,3,dynadot,,,03/10/2026 04:02
09e72e5e-3785-4342-9d0e-6a8457c5954e,juana.lease,available,58.98,73.98,medium,low,5,namecheap,,,29/09/2026 09:44
51ef6624-db09-4109-ad59-2e2c4115de89,nether.lease,available,14.99,71.99,high,low,6,name.com,,,12/08/2026 07:29
e5ab07db-e938-4753-b587-8389e98ca2de,spores.lease,available,44.71,44.71,medium,low,6,spaceship,,,02/10/2026 02:24
d91902be-f0e1-41ad-b640-67e980d2b0f6,playaround.lease,available,56.99,56.99,medium,low,11,namesilo,,,17/09/2026 06:03
2e529925-266f-45bc-a000-f28d59da22e9,framingham.lease,available,56.99,56.99,medium,low,10,namesilo,,,30/09/2026 05:41
c3e8c4d9-16a4-45cf-b49b-c29352a2b1cf,nights.lease,available,56.99,56.99,high,low,6,namesilo,,,17/09/2026 22:10
d5830030-68a8-4617-a07a-94bf61a73f9d,unrequited.lease,available,56.99,56.99,medium,low,10,namesilo,,,12/09/2026 00:45
81ee9e84-4e11-4362-b242-d64926d05571,soccer.lease,premium,128.7,128.7,high,low,6,namecheap,,,28/09/2026 22:49
aad7c137-5799-4736-92da-cad715c35a81,seamless.lease,available,14.99,71.99,high,low,8,name.com,,,10/09/2026 00:47
585e74b1-4cb8-406c-984e-f1119a7eb6ba,suffering.lease,available,14.99,71.99,high,low,9,name.com,,,25/08/2026 01:27
282eb265-5e9e-4fdf-a5f2-0ea604ad6963,tress.lease,available,58.98,73.98,medium,low,5,namecheap,,,24/09/2026 07:57
0fa41a6f-8384-44db-b7a7-5b27cc2107bf,bifid.lease,available,14.99,71.99,medium,low,5,name.com,,,09/08/2026 19:59
9772674c-1bfd-46f3-aec0-ec474d108a37,consult.lease,available,8.24,46.23,high,low,7,dynadot,,,30/09/2026 17:45
d04e0fc4-2808-4dcc-b3e9-7917371fd495,airports.lease,available,56.99,56.99,medium,low,8,namesilo,,,30/09/2026 00:31
c7986e06-57bf-4b14-9924-3fe99aada85e,optionally.lease,available,43.2,43.2,medium,low,10,cloudflare,,,28/09/2026 16:29
697c9f60-8394-4031-b3dd-5a7a04357153,burbling.lease,available,14.99,71.99,medium,low,8,name.com,,,11/08/2026 10:10
48e49970-8e3d-4563-a9a7-fda16ec7a2ba,distasteful.lease,available,56.99,56.99,medium,low,11,namesilo,,,01/10/2026 22:50
c8bce61a-3776-482a-a163-c2f78b1ec13e,wwii.lease,available,8.24,44.8,medium,low,4,porkbun,,,28/09/2026 07:36
b3d950a4-f4c4-4c18-ac9d-fa6d120a0f5a,bradbury.lease,available,43.2,43.2,high,low,8,cloudflare,,,28/09/2026 13:35
904393c2-cb10-4b72-b40e-bec503cbc858,briss.lease,available,56.99,56.99,medium,low,5,namesilo,,,23/09/2026 09:30
de72772c-f147-487e-9481-812e3ff0833b,lyme.lease,available,8.24,46.23,medium,low,4,dynadot,,,28/09/2026 21:33
5599452f-c703-4a5d-8a5e-7ac32bfe0255,tagged.lease,available,14.99,71.99,high,low,6,name.com,,,22/08/2026 17:17
919e8099-6aa5-4853-b895-1455e0bbae73,attracted.lease,available,14.99,71.99,medium,low,9,name.com,,,26/09/2026 03:10
5cd9cfa9-a47d-45e2-a4d8-504ac5a1672b,pervious.lease,available,58.98,73.98,medium,low,8,namecheap,,,08/09/2026 18:09
8220b97a-5e09-4e95-afb1-914ccb481947,centralized.lease,available,58.98,73.98,high,low,11,namecheap,,,02/10/2026 18:24
38d5372e-a6d4-48f1-b30d-9a92cf55bdc8,dromedary.lease,available,56.99,56.99,medium,low,9,namesilo,,,19/09/2026 23:32
48531a9d-3aa0-4bd0-91d1-4777d3c8725e,cora.lease,available,56.99,56.99,high,low,4,namesilo,,,28/09/2026 18:45
3234a260-2a80-4c08-9ee8-414f5368e729,flute.lease,available,8.24,46.23,high,low,5,dynadot,,,28/09/2026 13:41
ad9bfc73-a3fc-4940-8069-25eb0f1ea073,affect.lease,available,56.99,56.99,high,low,6,namesilo,,,27/09/2026 05:35
b94dcc1b-9143-4289-94e4-e9b07c2f5ea5,keyes.lease,available,56.99,56.99,medium,low,5,namesilo,,,28/09/2026 16:42
a9f04510-dd43-42ba-a9d3-b7c2ac392f88,addams.lease,available,56.99,56.99,medium,low,6,namesilo,,,29/09/2026 23:22
76354a66-26c0-4f92-acbb-e7348f3f6c44,synopsis.lease,available,8.24,46.23,high,low,8,dynadot,,,01/10/2026 21:21
bacd8c00-68e7-47b4-91ee-7aa43decad40,lorraine.lease,available,58.98,73.98,high,low,8,namecheap,,,25/09/2026 09:09
b227dbd3-4f44-436f-a533-87d6a046c1d9,turret.lease,available,58.98,73.98,high,low,6,namecheap,,,01/10/2026 19:53
948c812b-0c54-45be-9ca1-782a7263d5d2,southgate.lease,available,56.99,56.99,medium,low,9,namesilo,,,01/10/2026 11:23
f16aaa6f-5442-4291-b119-ba41897dcc56,respectively.lease,available,44.71,44.71,medium,low,12,spaceship,,,01/10/2026 18:07
fdea87d2-1f6c-4506-81bd-44013c8b3c77,colourize.lease,available,14.99,71.99,medium,low,9,name.com,,,12/08/2026 17:40
17fecb55-e180-4be4-9fa5-b22b44ef6226,eldest.lease,available,14.99,71.99,high,low,6,name.com,,,16/08/2026 02:19
88108449-82e2-4bdd-86d1-522e214f3867,export.lease,available,8.24,44.8,high,low,6,porkbun,,,29/09/2026 18:42
5232958f-a5a7-4c7c-98b2-d64cf13de641,unfold.lease,available,56.99,56.99,high,low,6,namesilo,,,30/09/2026 03:13
360b2216-15f0-4a40-b02a-a76ba6dca4da,baronage.lease,available,56.99,56.99,medium,low,8,namesilo,,,22/09/2026 07:18
51eb8082-b3b6-4626-8f5a-e8a1bef75189,ramona.lease,available,56.99,56.99,high,low,6,namesilo,,,29/09/2026 11:56
237a1d4f-f46b-4816-a06c-276c8a87ca59,chalkboards.lease,available,56.99,56.99,low,low,11,namesilo,,,19/09/2026 23:25
4c5b4361-1d86-4524-852a-900f23251af0,databases.lease,available,56.99,56.99,medium,low,9,namesilo,,,30/09/2026 15:32
b3c136bf-8d94-4c2c-a6a6-daa8a229a199,enlarged.lease,available,56.99,56.99,high,low,8,namesilo,,,22/09/2026 22:37
aac132c7-9424-4e63-9119-fc8e04568b1a,looney.lease,available,14.99,71.99,medium,low,6,name.com,,,13/08/2026 05:34
887cb3d4-a583-4d49-b19e-43b641810ed3,approached.lease,available,58.98,73.98,medium,low,10,namecheap,,,17/09/2026 16:13
08a568ec-c99f-42bc-852a-9d5848a11420,bivalve.lease,available,14.99,71.99,high,low,7,name.com,,,10/08/2026 09:09
4080402e-c2fd-42e6-9ac2-e2317086a348,bronte.lease,available,56.99,56.99,medium,low,6,namesilo,,,19/09/2026 10:16
c815a054-5058-4856-b5c2-9282d68bffd1,custodian.lease,available,44.71,44.71,high,low,9,spaceship,,,30/09/2026 16:52
7c5652b3-1df2-4505-9c84-0945396031af,emergent.lease,available,14.99,71.99,high,low,8,name.com,,,16/08/2026 14:17
1ab89b0c-4c34-45f7-b981-7dd56f2090fd,mandarin.lease,available,56.99,56.99,high,low,8,namesilo,,,23/09/2026 04:17
b5edd733-18f7-4575-8ecd-6f5858a17040,sauciness.lease,available,56.99,56.99,medium,low,9,namesilo,,,20/09/2026 02:25
d13ed6f7-f9be-447f-b555-e51b2f64405c,trans.lease,available,8.24,46.23,high,low,5,dynadot,,,30/09/2026 03:32
9326122c-26aa-41d0-8b6c-681f2906a9c1,sephardic.lease,available,56.99,56.99,medium,low,9,namesilo,,,30/09/2026 06:25
c1cc2eba-056b-4de3-bd65-413689371728,glooming.lease,available,14.99,71.99,medium,low,8,name.com,,,20/08/2026 14:41
c8ae6eea-c9f2-40bd-9d93-de338f9cb1ea,mesolithic.lease,available,14.99,71.99,medium,low,10,name.com,,,24/08/2026 21:17
17768f32-5d80-43d4-9b76-bd907f73beda,completes.lease,available,8.24,46.23,medium,low,9,dynadot,,,01/10/2026 17:08
4c324159-1d4e-4389-8b56-0f9c2c176a52,sullivan.lease,available,56.99,56.99,high,low,8,namesilo,,,19/09/2026 10:20
c616a970-1d4d-4509-a215-982a33058208,krai.lease,available,8.24,44.8,medium,low,4,porkbun,,,30/09/2026 04:19
dc936886-56f9-4c6e-8378-d5dbd1d209f5,zane.lease,available,44.71,44.71,high,low,4,spaceship,,,29/09/2026 04:01
6a196e00-b615-41f4-b4e1-60c0eaa27423,aidoneus.lease,available,58.98,73.98,medium,low,8,namecheap,,,17/09/2026 20:53
be3db651-09ad-426a-adfd-b9803837293d,placate.lease,available,14.99,71.99,high,low,7,name.com,,,18/08/2026 22:12
53301c82-5eb2-4250-9742-11e8c0b5a664,prr.lease,available,44.71,44.71,medium,low,3,spaceship,,,02/10/2026 19:05
e281b6c7-9945-4e30-8a1d-123b73f21c4a,aurelius.lease,available,56.99,56.99,medium,low,8,namesilo,,,19/09/2026 15:35
a762c11e-f56c-4214-9a3e-063c65a2f474,changer.lease,available,56.99,56.99,high,low,7,namesilo,,,21/09/2026 05:31
bfc33ba2-70d6-4081-b7f8-f0b9c030e55d,atrial.lease,available,14.99,71.99,medium,low,6,name.com,,,07/08/2026 14:24
24e4e8d1-9658-4177-97f5-ded6ef55c9b1,cadge.lease,available,14.99,71.99,medium,low,5,name.com,,,11/08/2026 09:28
00d00df9-dc32-413a-aa4d-29b3da362fd8,lifted.lease,available,14.99,71.99,high,low,6,name.com,,,23/08/2026 02:39
a5eb3864-e15c-4cfb-b975-54b3ea0cea03,salary.lease,available,58.98,73.98,high,low,6,namecheap,,,30/09/2026 06:29
350f0b88-2690-4d96-aadf-8faf113805fe,impala.lease,available,56.99,56.99,medium,low,6,namesilo,,,17/09/2026 12:44
12a6ebc9-3883-476f-83b6-f8d938549193,crowning.lease,available,44.71,44.71,high,low,8,spaceship,,,01/10/2026 22:58
51dbda3e-d64d-4d36-ab8a-5763fe427e99,antitank.lease,available,14.99,71.99,medium,low,8,name.com,,,05/08/2026 19:44
9e0f1a2e-a537-494b-9ae7-68b4b39ae2bd,infants.lease,available,44.71,44.71,medium,low,7,spaceship,,,29/09/2026 23:25
e9c15a72-62ab-49bd-b1f7-3433f440aee7,lakshmi.lease,available,56.99,56.99,medium,low,7,namesilo,,,30/09/2026 10:22
c9c32d0d-8455-440e-ab06-b2c708205349,cher.lease,available,44.71,44.71,high,low,4,spaceship,,,30/09/2026 19:20
9eec9cd2-6bd2-4603-8841-7261f164a504,shoreham.lease,available,8.24,46.23,medium,low,8,dynadot,,,02/10/2026 01:12
1d72d980-8b4a-41a0-bc31-496a30692553,hoped.lease,available,58.98,73.98,medium,low,5,namecheap,,,27/09/2026 02:59
0fadce0a-1059-4777-803b-54014b47d2c5,camp.lease,premium,118.8,118.8,high,low,4,namesilo,,,11/08/2026 15:47
2dab892b-b1b9-4502-831b-69271014a40c,motley.lease,available,14.99,71.99,medium,low,6,name.com,,,07/08/2026 07:29
dc352906-a5e5-4c01-ba6a-bdadeeb74068,influential.lease,available,56.99,56.99,high,low,11,namesilo,,,08/09/2026 05:20
f3f6d9ac-45a5-4573-b519-ddbb9cb15e81,fanlike.lease,available,14.99,71.99,medium,low,7,name.com,,,17/08/2026 22:07
4dc641f4-a6af-4fb1-a22d-266d34a5eedb,unrealised.lease,available,56.99,56.99,medium,low,10,namesilo,,,12/09/2026 11:02
b23e977c-42a2-4b5e-82b5-d919aabe7169,ghent.lease,available,58.98,73.98,medium,low,5,namecheap,,,27/09/2026 04:10
15180890-39c0-40a6-b73e-75af2cb61e73,millions.lease,available,58.98,73.98,medium,low,8,namecheap,,,25/09/2026 20:31
067225b2-cb5f-4ba8-9acf-618e11f82750,indicative.lease,available,14.99,71.99,high,low,10,name.com,,,13/08/2026 21:42
a76269c2-d8d0-4ad3-b688-fc59e5987289,alleviator.lease,available,56.99,56.99,medium,low,10,namesilo,,,04/09/2026 23:48
50d4ff68-02d6-434e-bce9-68a838dea210,wedded.lease,available,56.99,56.99,high,low,6,namesilo,,,13/09/2026 09:30
9301127a-7f00-4343-b192-cfd87a2ff754,unchained.lease,available,56.99,56.99,high,low,9,namesilo,,,12/09/2026 04:54
721a6b59-0cbd-4d29-a0a5-12be801b74b3,scrooge.lease,available,44.71,44.71,medium,low,7,spaceship,,,30/09/2026 10:35
97ab3485-c7c7-4a87-a798-ab3863bd69e9,vastly.lease,available,56.99,56.99,high,low,6,namesilo,,,15/09/2026 01:56
6b1ac737-5a9b-4f52-89d7-caa909890217,ointment.lease,available,14.99,71.99,high,low,8,name.com,,,16/08/2026 15:54
a6f4dfe0-488f-4a74-86aa-89a6855514bc,hints.lease,available,44.71,44.71,medium,low,5,spaceship,,,30/09/2026 00:13
a8045a0b-b6f3-4ac2-9ed3-183be5eb681c,untalented.lease,available,56.99,56.99,medium,low,10,namesilo,,,11/09/2026 07:26
b5e208f6-71e4-498a-946d-46ac6fd78df2,shields.lease,available,56.99,56.99,medium,low,7,namesilo,,,28/09/2026 08:03
28bbdb89-a9f3-4ca6-8249-83a909f9d6fb,definitive.lease,available,14.99,71.99,high,low,10,name.com,,,12/08/2026 09:45
d50c1195-866a-4e54-ad12-78c01b5fd019,abrachia.lease,available,56.99,56.99,medium,low,8,namesilo,,,16/09/2026 16:47
88fc92ca-f5be-43d8-9e81-c4ed9b0e4095,comparable.lease,available,56.99,56.99,high,low,10,namesilo,,,23/09/2026 16:34
6b2dc835-093a-49bb-a711-7a32c62a2f4b,rebuilt.lease,available,58.98,73.98,high,low,7,namecheap,,,29/09/2026 16:05
f6905622-5f1a-4485-91a8-43553674c02a,surfer.lease,available,44.71,44.71,high,low,6,spaceship,,,30/09/2026 12:34
d8019ec1-6408-400c-b21c-89acbd2bfbb0,vilna.lease,available,8.24,44.8,medium,low,5,porkbun,,,01/10/2026 18:52
75dade13-9cd5-49ba-98a0-dbd5515e7344,potbound.lease,available,56.99,56.99,medium,low,8,namesilo,,,09/09/2026 00:44
ba845bc2-5026-4f93-9c20-ec78f0f69f19,unforgettable.lease,available,8.24,46.23,high,low,13,dynadot,,,01/10/2026 05:39
0c90fb4f-d666-43cc-9ff8-4cb9c4800df9,sciences.lease,available,43.2,43.2,medium,low,8,cloudflare,,,02/10/2026 10:32
af6d979d-ab45-41b5-93bf-97296928f238,berberis.lease,available,56.99,56.99,high,low,8,namesilo,,,23/09/2026 09:08
be8f0430-3a07-4b1a-8ec9-71c068629bc2,injuries.lease,available,8.24,46.23,low,low,8,dynadot,,,27/09/2026 21:38
d4617b4b-07f5-44a8-ba5c-b1c8f6331483,airtight.lease,available,14.99,71.99,high,low,8,name.com,,,
8ba7545e-c27f-4dc0-b9cc-dda6c5894bad,lagos.lease,available,44.71,44.71,high,low,5,spaceship,,,27/09/2026 14:38
f341a5bf-4ac1-4967-89bd-b5aee76957fe,authoritative.lease,available,43.2,43.2,high,low,13,cloudflare,,,03/10/2026 02:46
802d4a75-d1e4-4396-90f3-e71f5305bcbd,calf.lease,available,44.71,44.71,high,low,4,spaceship,,,29/09/2026 05:52
f94ec968-4bda-41f1-aa56-558f6325d6aa,legitimate.lease,available,14.99,71.99,high,low,10,name.com,,,22/08/2026 23:04
0c325727-f1ca-4efc-83be-8542e44fec13,missions.lease,available,43.2,43.2,medium,low,8,cloudflare,,,28/09/2026 23:16
8b72fc5a-e15b-4c34-8dda-31c79caa4e78,powered.lease,available,56.99,56.99,high,low,7,namesilo,,,27/09/2026 04:51
acab7d64-6f59-49d6-b283-b7c3c8828eee,thinker.lease,available,44.71,44.71,high,low,7,spaceship,,,30/09/2026 01:09
2987f4cd-f2be-4de4-af5c-c06463116dcf,insert.lease,available,56.99,56.99,high,low,6,namesilo,,,24/09/2026 20:42
3344a2ad-4434-407f-93e4-892112d2e792,lotto.lease,available,58.98,73.98,high,low,5,namecheap,,,22/09/2026 20:35
c1933812-5f08-4ef1-b62c-a1937cb8d939,lowest.lease,available,14.99,71.99,medium,low,6,name.com,,,22/08/2026 20:22
6c63c3a7-ecee-494a-b7b7-265f92afce32,embark.lease,available,43.2,43.2,high,low,6,cloudflare,,,29/09/2026 20:34
ef2209bd-be02-47c5-a61c-7d294dc77e23,blackfish.lease,available,56.99,56.99,medium,low,9,namesilo,,,24/09/2026 01:55
2bf6e011-5ac2-4971-b49c-11d00d5a502c,dotted.lease,available,14.99,71.99,medium,low,6,name.com,,,13/08/2026 18:28
4ee73322-7cc4-4fd2-97d7-49a2bb1ac99e,accusation.lease,available,44.71,44.71,medium,low,10,spaceship,,,28/09/2026 17:30
d8875b02-628a-469d-954a-6abcf27a0c48,flora.lease,available,8.24,44.8,high,low,5,porkbun,,,30/09/2026 08:47
e450dacd-1372-401b-a317-1832c60d71d3,spoken.lease,available,44.71,44.71,high,low,6,spaceship,,,28/09/2026 00:14
12361d14-125b-44f8-b7bb-43438ef57340,muskegon.lease,available,44.71,44.71,medium,low,8,spaceship,,,29/09/2026 10:06
613d00d2-3ac0-49bf-a00d-e5e18a696213,luanda.lease,available,58.98,73.98,medium,low,6,namecheap,,,19/09/2026 06:58
adb79fc9-810d-4dc7-9246-1e5f8b1c7517,choke.lease,available,56.99,56.99,medium,low,5,namesilo,,,24/09/2026 14:43
ce6ac21c-e895-46da-9f0a-5f5b73577962,strategically.lease,available,8.24,46.23,medium,low,13,dynadot,,,01/10/2026 06:13
697798a0-67e4-4e34-9f0f-addefa80a8a0,lubricant.lease,available,44.71,44.71,high,low,9,spaceship,,,01/10/2026 20:24
f9efcd1b-f97b-4034-b50f-277264aa6560,tex.lease,available,44.71,44.71,medium,low,3,spaceship,,,29/09/2026 03:26
dce7429c-94c6-4138-9888-33193f64ae29,reginald.lease,available,56.99,56.99,high,low,8,namesilo,,,25/09/2026 15:10
e0842a52-eed7-4e57-9e6c-b5c5679b1338,pier.lease,available,58.98,73.98,high,low,4,namecheap,,,28/09/2026 06:35
984c8f0d-d09a-444e-b887-4311abf529a8,propeller.lease,available,56.99,56.99,high,low,9,namesilo,,,29/09/2026 01:54
c9224f0f-00fb-4d03-b7e3-cd99597616c5,hardening.lease,available,56.99,56.99,medium,low,9,namesilo,,,03/10/2026 00:23
69df09ef-3fe5-4548-89ed-2530b7570f7b,linus.lease,available,56.99,56.99,high,low,5,namesilo,,,30/09/2026 13:30
427a8960-3a4a-42df-b55c-ce07916a38bb,haircuts.lease,available,56.99,56.99,medium,low,8,namesilo,,,21/09/2026 07:16
d11d5b76-dfa9-4bf5-9d6a-b2a9dc328ccb,expenses.lease,available,56.99,56.99,high,low,8,namesilo,,,27/09/2026 22:47
3338d22a-10a9-44d5-8efa-2d8cfb827e73,steals.lease,available,58.98,73.98,medium,low,6,namecheap,,,28/09/2026 23:24
74929893-c78f-46ca-9c8d-55335a1726bd,bennington.lease,available,56.99,56.99,high,low,10,namesilo,,,23/09/2026 08:33
2bc79344-1c98-40d0-a926-c8a25970366f,inherit.lease,available,58.98,73.98,high,low,7,namecheap,,,28/09/2026 20:51
80f54bbc-b4ee-4572-9883-68c760e0a75f,grumble.lease,available,14.99,71.99,high,low,7,name.com,,,20/08/2026 20:38
5f50d4b4-d9f2-49a4-aeeb-85cb5d0d3dd7,vaccination.lease,available,56.99,56.99,high,low,11,namesilo,,,02/10/2026 22:55
2de684a5-42c6-4e5c-9131-6e29540fd74b,amun.lease,available,58.98,73.98,medium,low,4,namecheap,,,18/09/2026 18:29
12f23022-4239-44d1-aa07-ceaeac37de12,glasses.lease,available,44.71,44.71,high,low,7,spaceship,,,29/09/2026 18:45
22d9799a-6b38-4feb-9589-866811be7a60,lipitor.lease,available,56.99,56.99,high,low,7,namesilo,,,21/09/2026 00:35
ee65394c-586c-4c8e-831d-0b6c176e1cd3,asimov.lease,available,56.99,56.99,high,low,6,namesilo,,,20/09/2026 14:15
532805f3-ad7d-4ffa-883f-f37d8dac8724,pyknic.lease,available,14.99,71.99,medium,low,6,name.com,,,17/08/2026 01:17
5e3c540f-605d-4cbc-ba7a-1122607868c4,favorably.lease,available,14.99,71.99,high,low,9,name.com,,,14/09/2026 18:00
ab0ce602-6f28-4a21-948a-af4c4c5e9d78,ronnie.lease,available,58.98,73.98,high,low,6,namecheap,,,27/09/2026 07:42
12c9c129-b8bd-4c43-932e-0f1ae5cf40fe,unstressed.lease,available,56.99,56.99,medium,low,10,namesilo,,,12/09/2026 20:37
be91bebb-3bdc-43ab-8286-44feb8850860,availability.lease,available,44.71,44.71,high,low,12,spaceship,,,30/09/2026 05:58
b626bcd8-a911-414c-8411-b1aa2abbf96b,ignorance.lease,available,43.2,43.2,medium,low,9,cloudflare,,,28/09/2026 10:08
48b886ca-8bcb-44ae-8153-5c59792ccc49,contacting.lease,available,8.24,44.8,medium,low,10,porkbun,,,01/10/2026 00:49
193a26c5-bb13-451c-b9c9-ecf8ab65143f,skyscraper.lease,available,44.71,44.71,high,low,10,spaceship,,,30/09/2026 11:02
f9aea734-bd87-4747-8fda-38158a50d1d1,beat.lease,available,58.98,73.98,high,low,4,namecheap,,,29/09/2026 18:38
e77306d8-26dd-40d3-bed9-a1a5d67abe43,adultery.lease,available,56.99,56.99,medium,low,8,namesilo,,,17/09/2026 10:25
9597c313-c910-4d43-9580-584555644f6c,purgatory.lease,available,44.71,44.71,medium,low,9,spaceship,,,01/10/2026 21:24
366389b8-8c9d-4006-9ce0-8b287a9113fd,masculine.lease,available,56.99,56.99,high,low,9,namesilo,,,25/09/2026 17:05
2bee06fa-9be3-404c-8bea-411bea1c6795,cosmos.lease,available,44.71,44.71,high,medium,6,spaceship,,,28/09/2026 10:55
720fcab1-0cdd-419e-a545-0185fa993485,balmy.lease,available,56.99,56.99,high,low,5,namesilo,,,22/09/2026 08:11
8a16b0c6-9bfc-4436-a525-4b41e52f0782,hourlong.lease,available,14.99,71.99,medium,low,8,name.com,,,21/08/2026 14:22
9b22ef1e-0e36-4e44-8609-58696ec37a8a,anthropology.lease,available,8.24,46.23,high,low,12,dynadot,,,29/09/2026 16:22
02da0ed2-4a0f-43d6-8fdf-74d7ef218ae4,widows.lease,available,56.99,56.99,medium,low,6,namesilo,,,30/09/2026 00:25
e0d17177-892a-4bd7-8358-8dbf0a48b48d,signs.lease,available,56.99,56.99,high,low,5,namesilo,,,17/09/2026 04:39
d4cdcf7c-a717-48f1-935c-b829633fe47c,assured.lease,available,14.99,71.99,high,low,7,name.com,,,07/08/2026 08:21
5f1a88f5-e413-4793-8ba8-156862790f24,steeply.lease,available,56.99,56.99,medium,low,7,namesilo,,,16/09/2026 06:59
38ed1963-f8f0-46df-bfe8-038f6880cdb6,rounded.lease,available,56.99,56.99,high,low,7,namesilo,,,19/09/2026 15:40
7a58d1ea-f2ce-4ab1-8efa-7847d10c91e0,embedded.lease,available,14.99,71.99,high,low,8,name.com,,,16/08/2026 08:42
5c2f3af5-4287-4418-9dd1-1525b896c1dd,plus.lease,premium,118.8,118.8,high,medium,4,namesilo,,,27/09/2026 04:17
c708558f-80ec-4518-a4f5-b002fb3bcedb,dyadic.lease,available,14.99,71.99,medium,low,6,name.com,,,14/08/2026 21:52
8cb7900a-b2ad-4f6d-a40c-95950b99e870,pcb.lease,available,43.2,43.2,high,low,3,cloudflare,,,28/09/2026 17:13
8ac31348-37b5-4c17-8030-df7736a342ad,leigh.lease,available,14.99,71.99,high,low,5,name.com,,,25/09/2026 08:55
a8061d22-ed92-48fc-ba5e-af9e8a0e88ba,ange.lease,available,44.71,44.71,medium,low,4,spaceship,,,03/10/2026 04:42
ab75f24d-b922-4f1e-8963-aa661028cd8a,mongoloid.lease,available,14.99,71.99,medium,low,9,name.com,,,25/08/2026 04:49
593a203c-d9db-4e00-98ef-02cedbd3acc5,merriman.lease,available,58.98,73.98,medium,low,8,namecheap,,,02/10/2026 00:46
559c1f9f-79c9-4b8c-825c-74c1fffa746c,usaf.lease,available,56.99,56.99,high,low,4,namesilo,,,25/09/2026 10:56
24a66a39-cf6d-44cd-a836-6a49580c9366,haida.lease,available,44.71,44.71,high,low,5,spaceship,,,01/10/2026 19:54
956de68a-0c08-4cf2-9d82-56501fdf7f90,questioned.lease,available,56.99,56.99,low,low,10,namesilo,,,28/09/2026 08:50
e1bc34ae-4db0-4817-9e0f-12bf4c5b57f2,winsome.lease,available,56.99,56.99,high,low,7,namesilo,,,13/09/2026 12:37
232096c5-3977-4578-9e4c-701a05f0da38,acinic.lease,available,14.99,71.99,medium,low,6,name.com,,,
cebbd751-5729-483f-8357-f61fbbd3afbc,submersed.lease,available,56.99,56.99,medium,low,9,namesilo,,,10/09/2026 23:32
5e7712fe-1174-44bd-8109-f3dbf2e6e5fe,rigour.lease,available,58.98,73.98,medium,low,6,namecheap,,,20/09/2026 14:57
0a702d5f-6644-4b0b-a114-99f8ba82e0a8,thorny.lease,available,14.99,71.99,medium,low,6,name.com,,,08/08/2026 17:55
3150cabe-807d-40bb-ae43-bbbb7d6299e1,corelli.lease,available,56.99,56.99,medium,low,7,namesilo,,,20/09/2026 01:37
b4d8538f-6bba-483d-9ed3-eb928e70d111,ellsworth.lease,available,56.99,56.99,medium,low,9,namesilo,,,27/09/2026 13:20
bb54b89d-c871-423b-b430-5a5ec4df83a2,trapped.lease,available,14.99,71.99,medium,low,7,name.com,,,07/08/2026 11:08
3cb0959d-b8f7-48fb-ad56-892cdd299f93,diplomat.lease,available,56.99,56.99,high,low,8,namesilo,,,29/09/2026 15:06
45962166-f6a9-4218-bf31-e8fcd49c0b46,ashton.lease,available,58.98,73.98,high,low,6,namecheap,,,20/09/2026 14:00
4a6acdf2-7c68-4b7b-845f-d7a4f2d46c96,crucified.lease,available,56.99,56.99,medium,low,9,namesilo,,,30/09/2026 06:13
68d5595a-b374-4587-b9c9-0f69d951ab7a,eminent.lease,available,14.99,71.99,high,low,7,name.com,,,16/08/2026 15:06
81e273ad-5f99-41a3-94b7-56c111dd983a,selfless.lease,available,56.99,56.99,high,low,8,namesilo,,,22/09/2026 02:51
b01f50e2-b94b-44bb-9cd1-d42a6828d7ec,asshole.lease,available,14.99,71.99,medium,low,7,name.com,,,08/08/2026 23:24
84734a10-eaa6-43b7-8ff9-4eb87185da4c,kerouac.lease,available,56.99,56.99,medium,low,7,namesilo,,,02/10/2026 15:49
47901c12-74fc-4286-a9d5-7d129d4a04f3,depository.lease,available,56.99,56.99,high,low,10,namesilo,,,24/09/2026 21:58
96019522-e700-4f3a-9025-ad2c139217da,celebrities.lease,available,44.71,44.71,medium,low,11,spaceship,,,28/09/2026 23:49
2899de99-d13a-4c03-9a49-d701b6dbaea2,webmasters.lease,available,56.99,56.99,medium,low,10,namesilo,,,18/09/2026 23:06
d034c37a-0a55-4b52-bc2d-560b76c57b02,algorism.lease,available,56.99,56.99,medium,low,8,namesilo,,,18/09/2026 07:14
072c6b38-e7c6-4bf6-8a2e-f170c802b105,limbo.lease,available,58.98,73.98,high,low,5,namecheap,,,29/09/2026 19:33
49f61923-18ce-4b75-b26c-f65c4852dffa,rook.lease,available,56.99,56.99,high,low,4,namesilo,,,14/09/2026 07:54
c840592c-cbbc-4690-8738-73fdb48fbc16,corky.lease,available,14.99,71.99,high,low,5,name.com,,,13/08/2026 01:23
36107347-7c0d-4093-bbbc-e2708b33b771,engagements.lease,available,56.99,56.99,high,low,11,namesilo,,,30/09/2026 07:14
79d4b3d1-1990-4181-a0e9-2adf7bfc15b6,reporter.lease,available,56.99,56.99,high,low,8,namesilo,,,25/09/2026 09:33
6b31c72b-abc0-4648-8972-f02fd7139bac,sandhurst.lease,available,44.71,44.71,medium,low,9,spaceship,,,02/10/2026 20:49
c205962b-396c-44c1-9bf0-a85b27c0e09d,antithetic.lease,available,14.99,71.99,medium,low,10,name.com,,,05/08/2026 19:49
7eec2811-c6b7-4d5e-b4f6-59763b4feb4f,srs.lease,available,58.98,73.98,high,low,3,namecheap,,,29/09/2026 23:23
890d9169-efdc-46eb-857f-c39ab7bd9560,darlene.lease,available,44.71,44.71,high,low,7,spaceship,,,30/09/2026 21:02
db67ff76-30d8-42e6-aede-325a24959adb,sane.lease,available,56.99,56.99,high,low,4,namesilo,,,19/09/2026 15:46
1b730ec7-5876-47d9-bb06-6916d46c9622,daytona.lease,available,56.99,56.99,high,low,7,namesilo,,,28/09/2026 04:21
1b2e0129-7a6f-4431-8bf8-fb79f94329e4,gran.lease,available,44.71,44.71,high,low,4,spaceship,,,29/09/2026 21:17
804fc3d1-7d3e-4433-b2e2-0dc0b4d34ca5,cooperating.lease,available,8.24,46.23,medium,low,11,dynadot,,,30/09/2026 07:38
05170f79-1e99-4121-9511-416f8b348ea1,flair.lease,available,44.71,44.71,high,low,5,spaceship,,,30/09/2026 01:15
38c24ad2-751a-42c9-8318-114b11cc64db,tragicomic.lease,available,56.99,56.99,medium,low,10,namesilo,,,11/09/2026 18:46
bc8c61d9-95da-47f8-900c-9a006caf2d9c,inquirer.lease,available,56.99,56.99,medium,low,8,namesilo,,,20/09/2026 14:22
a6a714ca-445f-466e-810e-07d588de88db,helpful.lease,available,14.99,71.99,high,low,7,name.com,,,21/08/2026 06:37
39cc36d6-a607-4b7b-80c3-989137b72717,monger.lease,available,56.99,56.99,medium,low,6,namesilo,,,22/09/2026 05:36
03b37f2e-a578-4ab2-a43f-c53f396e1b10,cerise.lease,available,14.99,71.99,medium,low,6,name.com,,,10/08/2026 15:04
07d7e51f-a5d5-4086-bcf5-c2e3f0b1fdd2,typic.lease,available,56.99,56.99,medium,low,5,namesilo,,,11/09/2026 22:29
6437a2d9-a8aa-4554-8102-482f6cdc48d5,introspections.lease,available,14.99,,low,low,14,name.com,,,
8252b6bc-9f7e-4f71-9d82-2b4b55df8a07,unreserved.lease,available,58.98,73.98,medium,low,10,namecheap,,,12/09/2026 18:21
7d24387d-2c33-432c-b470-0b4058202062,functioning.lease,available,44.71,44.71,medium,low,11,spaceship,,,28/09/2026 21:19
84e73039-cf46-4263-a3df-2d1f667bed32,bird.lease,available,56.99,56.99,high,medium,4,namesilo,,,29/09/2026 02:46
db50cc83-f433-4bf4-9cb5-a5a0625232ac,stratigraphy.lease,available,8.24,46.23,medium,low,12,dynadot,,,28/09/2026 22:57
c9cc7b4f-e39d-4b13-b9e9-1da26376e14a,hashtag.lease,available,43.2,43.2,high,low,7,cloudflare,,,02/10/2026 03:26
2293d7b7-6023-4416-9b76-a6268d960975,durable.lease,available,56.99,56.99,high,low,7,namesilo,,,24/09/2026 12:29
f62dd4c0-bb70-44ed-bf35-0d35889c3bb0,casteless.lease,available,14.99,71.99,medium,low,9,name.com,,,11/08/2026 20:25
eb291850-f639-4e9d-b0fb-8399277dc149,wards.lease,available,44.71,44.71,medium,low,5,spaceship,,,30/09/2026 06:54
9b96eb01-874c-4646-9ab5-dc7005a22b11,sent.lease,available,56.99,56.99,high,low,4,namesilo,,,19/09/2026 16:10
06b78355-1ab4-4fbe-b2d5-8d2f3fd0b2ae,craig.lease,available,44.71,44.71,high,low,5,spaceship,,,27/09/2026 17:59
708e0fd4-cd25-4fb8-9e2d-0c1d12cd3527,faint.lease,available,14.99,71.99,high,low,5,name.com,,,17/08/2026 21:01
8edf168a-4a03-41a1-8181-7471751f40f2,berkshire.lease,available,56.99,56.99,high,low,9,namesilo,,,23/09/2026 09:33
daa881cb-2da3-47d3-afa7-2c038b5389bb,genesee.lease,available,44.71,44.71,medium,low,7,spaceship,,,28/09/2026 08:10
2b5d73d4-0e54-4fa4-b66f-572a60048956,highest.lease,available,58.98,73.98,medium,low,7,namecheap,,,25/09/2026 16:49
260d6fa8-f16a-45c6-b2bd-892cbeff6688,amora.lease,available,58.98,73.98,high,low,5,namecheap,,,18/09/2026 22:38
579ac678-9666-4a17-ac15-03073536f1a8,aucuba.lease,available,56.99,56.99,medium,low,6,namesilo,,,21/09/2026 02:47
d60291fd-bd42-4c00-ba61-79dca5ea76aa,faults.lease,available,56.99,56.99,medium,low,6,namesilo,,,29/09/2026 11:04
b49d02b3-df3c-4df8-9f38-005e4fbae582,bolster.lease,available,43.2,43.2,medium,low,7,cloudflare,,,29/09/2026 03:17
a6207c61-d2cc-4f6a-aa85-e42c9a3b266d,dastard.lease,available,14.99,71.99,medium,low,7,name.com,,,13/08/2026 18:32
1e22d209-0b7a-466c-bcff-f22502008baf,missouri.lease,premium,118.8,118.8,high,low,8,namesilo,,,28/09/2026 10:24
848c5185-fcdc-491f-8beb-0fc213f79462,underwear.lease,available,56.99,56.99,high,low,9,namesilo,,,30/09/2026 14:15
e0ef54e0-2e69-4f4e-972b-e3aa352f9f9e,prudence.lease,available,44.71,44.71,high,low,8,spaceship,,,30/09/2026 16:43
a9ea059d-681f-43ce-9b40-c64e941d68a6,nilpotent.lease,available,56.99,56.99,medium,low,9,namesilo,,,03/09/2026 17:28
86395463-a975-494c-b2d5-9e490c2bd46b,giraffe.lease,available,56.99,56.99,high,low,7,namesilo,,,29/09/2026 05:59
81ab07c8-1322-4d6f-b103-3207308695d2,games.lease,premium,242,242,high,medium,5,namesilo,,,25/09/2026 16:24
ef35da7e-90e7-400f-98e7-ea87fe9e0942,beauchamp.lease,available,8.24,46.23,low,low,9,dynadot,,,29/09/2026 05:52
dc4de85c-6bc7-4321-89dd-085c96247f2e,cucumber.lease,available,56.99,56.99,high,low,8,namesilo,,,29/09/2026 12:58
798d2ce8-22f3-45e7-9b6a-93db95b90ddc,sadat.lease,available,56.99,56.99,medium,low,5,namesilo,,,19/09/2026 15:58
a8891037-1d9e-4f42-bba3-2f5600d837a8,galactic.lease,available,14.99,71.99,high,low,8,name.com,,,18/08/2026 19:35
1aeea1da-0521-4570-80d6-efe94795762d,attempts.lease,available,56.99,56.99,medium,low,8,namesilo,,,18/09/2026 16:41
e73eb691-6fac-4a87-bfc0-3529fbcd5123,networks.lease,available,56.99,56.99,high,low,8,namesilo,,,19/09/2026 17:41
09a4b96e-08f1-43c5-a4ea-4ae2c060a4f2,lineal.lease,available,14.99,71.99,medium,low,6,name.com,,,23/08/2026 14:16
f28a1da1-3fb7-4713-845d-1151a8f70da8,bureau.lease,available,56.99,56.99,high,low,6,namesilo,,,17/09/2026 17:00
9cf98aaf-76e2-47d1-8e8d-4832ed521912,wizardly.lease,available,14.99,71.99,medium,low,8,name.com,,,24/08/2026 13:02
5a206d05-a5fc-4bed-bbc3-2e2adc5705b6,indicates.lease,available,56.99,56.99,medium,low,9,namesilo,,,28/09/2026 08:19
9aabf4a3-c846-44d2-9def-70551941fc2b,moonlike.lease,available,14.99,71.99,medium,low,8,name.com,,,25/08/2026 05:49
79225ac8-81e6-4989-b9be-308ee0edc737,csd.lease,available,44.71,44.71,high,low,3,spaceship,,,03/10/2026 04:46
3301879f-223b-48ad-a979-9d1a5be43bc2,orientation.lease,available,8.24,46.23,medium,low,11,dynadot,,,28/09/2026 22:40
4ac1d019-4b36-4a82-8765-d81da04b4e87,irons.lease,available,8.24,44.8,high,low,5,porkbun,,,29/09/2026 07:52
2e3993f7-a12b-40e2-9947-1c1366c27459,limestone.lease,available,8.24,46.23,high,low,9,dynadot,,,30/09/2026 02:56
71e33a0f-ec49-4de1-ba15-213204c73584,papered.lease,available,56.99,56.99,medium,low,7,namesilo,,,21/09/2026 10:14
66942ba8-294c-4584-8143-27b966f53bde,pointer.lease,available,56.99,56.99,high,low,7,namesilo,,,20/09/2026 09:27
bb399e00-508b-48f2-abe5-f5a9ed4bb884,batter.lease,available,56.99,56.99,high,low,6,namesilo,,,22/09/2026 14:16
261c5bd0-72b5-4f9f-b962-57b8dea8ffd1,biro.lease,available,56.99,56.99,medium,low,4,namesilo,,,21/09/2026 23:23
ce4831d5-cb06-4a59-9815-f817ae60b876,immunity.lease,available,56.99,56.99,high,low,8,namesilo,,,28/09/2026 14:20
a14ac7a5-104c-4ca9-bc12-a563db8bce67,cryptic.lease,available,14.99,71.99,high,low,7,name.com,,,11/08/2026 12:17
f51c2714-0e55-42ab-832b-4f9bcd917e16,giddings.lease,available,58.98,73.98,medium,low,8,namecheap,,,02/10/2026 20:55
d5193c4d-4637-4c4a-8fe0-96904739facf,preschool.lease,available,43.2,43.2,high,low,9,cloudflare,,,30/09/2026 14:27
8bc67ce3-273b-4615-89aa-d40f255c9633,textile.lease,available,43.2,43.2,high,low,7,cloudflare,,,28/09/2026 02:25
e663eb69-3f47-4d99-96bf-e3df85428a4d,elf.lease,available,56.99,56.99,high,low,3,namesilo,,,28/09/2026 13:59
167e2f8c-bc9b-48cc-9e74-71d76788b4c4,decor.lease,available,44.71,44.71,high,low,5,spaceship,,,01/10/2026 19:12
6fb7c91e-8ad6-446f-b3b4-ed7b0b26376d,organic.lease,premium,118.8,118.8,high,low,7,namesilo,,,08/09/2026 11:55
cbbc9b59-40bc-4923-a9d6-893d4ba661eb,insightful.lease,available,14.99,71.99,high,low,10,name.com,,,22/08/2026 07:06
3c2a38eb-f488-433a-9891-6e9d83631666,pies.lease,available,43.2,43.2,medium,low,4,cloudflare,,,02/10/2026 14:35
4539b0b5-6528-405d-b082-b7ed35b285b2,petra.lease,available,44.71,44.71,high,low,5,spaceship,,,28/09/2026 11:54
5dadeeaa-da42-41e8-9606-ce208427b27f,punter.lease,available,43.2,43.2,medium,low,6,cloudflare,,,29/09/2026 02:17
f05f9f3e-b87c-4f03-8220-b94d252ee9ab,tersely.lease,available,56.99,56.99,medium,low,7,namesilo,,,16/09/2026 08:13
e14a2e86-880a-4b4c-8114-d9fe60d6b5fa,abele.lease,available,56.99,56.99,medium,low,5,namesilo,,,16/09/2026 15:02
8b510d0c-3bc4-4c20-9ad5-08e89960b4db,vibrations.lease,available,44.71,44.71,medium,low,10,spaceship,,,29/09/2026 23:57
a085a349-24ba-4337-bbc4-3d383a719fd6,balletic.lease,available,14.99,71.99,medium,low,8,name.com,,,08/08/2026 10:26
ab3e2f72-d516-49d9-a2b7-cb52d606c2c2,pentium.lease,available,56.99,56.99,high,low,7,namesilo,,,01/10/2026 11:44
dd2f42a4-fed5-4c41-98da-c2f1cf63ba8c,difference.lease,available,56.99,56.99,high,low,10,namesilo,,,29/09/2026 14:33
f6a62ebb-d3a8-427c-9249-f96190e20f73,thrashing.lease,available,56.99,56.99,medium,low,9,namesilo,,,13/09/2026 07:54
013099d8-c1aa-4999-9208-98df1f1e9a10,elongate.lease,available,14.99,71.99,high,low,8,name.com,,,16/08/2026 05:24
bfc83bf9-0939-43b8-93f4-1151964ba136,persisted.lease,available,56.99,56.99,medium,low,9,namesilo,,,18/09/2026 08:42
92af97e9-2355-48bd-8e75-ffa04c0f0539,hhs.lease,available,56.99,56.99,high,low,3,namesilo,,,29/09/2026 12:02
bca8b5ef-44f1-4f20-b63c-21a758a4663e,dildo.lease,available,56.99,56.99,medium,low,5,namesilo,,,24/09/2026 22:19
a859daea-57bf-4461-a548-9c3206e0fd2d,six.lease,available,58.98,73.98,high,low,3,namecheap,,,21/09/2026 13:17
5c97e61b-3952-4bd5-bf5f-c76e3b514517,regularity.lease,available,44.71,44.71,high,low,10,spaceship,,,03/10/2026 00:56
a1733c19-35bd-4379-9d4f-2199ebe9437d,health.lease,premium,118.8,118.8,high,medium,6,namesilo,,,02/10/2026 03:51
8e44d6e3-857e-48f6-9c07-6283b98129c1,backyard.lease,available,56.99,56.99,high,low,9,namesilo,,,21/09/2026 16:22
4ef4d57d-3866-4134-9caa-cde2f9d84045,hideyoshi.lease,available,56.99,56.99,medium,low,9,namesilo,,,02/10/2026 20:48
c4e59d49-af8e-4009-a023-bc644d22fe58,hands.lease,available,56.99,56.99,high,low,5,namesilo,,,08/09/2026 04:01
bc3adac3-6a7f-4a7a-8f71-d1ec2dd29936,film.lease,premium,207.2,207.2,high,low,4,spaceship,,,02/10/2026 18:00
d94e56b4-dbdb-46b8-91fe-0b8290c4d7d2,scenery.lease,available,56.99,56.99,medium,low,7,namesilo,,,28/09/2026 15:20
5ebc2b3d-1d2f-4287-afcd-162969013674,unbalanced.lease,available,14.99,71.99,medium,low,10,name.com,,,11/08/2026 01:50
4c7abd45-c785-4640-9f67-8793a71025b8,inuit.lease,available,56.99,56.99,medium,low,5,namesilo,,,28/09/2026 09:42
3ea5a077-9c89-45d8-9f00-5f3d8166352f,kitten.lease,available,44.71,44.71,high,low,6,spaceship,,,29/09/2026 07:25
b39bf084-e419-477c-8f79-7e551e8d7968,ferdinand.lease,available,56.99,56.99,high,low,9,namesilo,,,25/09/2026 05:57
fd88decf-8b9a-4297-8f22-5b412f514446,medicines.lease,available,44.71,44.71,medium,low,9,spaceship,,,30/09/2026 06:22
198d716a-dc16-483f-b8ce-fc653d1fe5b6,crochet.lease,available,56.99,56.99,high,low,7,namesilo,,,24/09/2026 19:40
c027f374-fcf5-48af-bcbd-563ce621bf84,reticular.lease,available,56.99,56.99,medium,low,9,namesilo,,,09/09/2026 15:34
2989d52a-201e-448e-9dce-a1812168a79e,lug.lease,available,44.71,44.71,high,low,3,spaceship,,,02/10/2026 15:59
e7c8f416-5994-4081-823f-35b06cc38c27,germicidal.lease,available,14.99,71.99,medium,low,10,name.com,,,08/08/2026 07:07
82d4b8cb-5c06-4e7b-9839-40adacb4f4cd,intelligence.lease,available,44.71,44.71,high,medium,12,spaceship,,,30/09/2026 21:03
80b59833-8f54-4f77-9763-eeefa6af9834,liquidation.lease,available,58.98,73.98,high,low,11,namecheap,,,02/10/2026 21:24
e6a29adc-d903-4c38-aad9-7b877ba3a627,casa.lease,premium,218.8,437.19,high,low,4,porkbun,,,28/09/2026 20:54
907562f1-75b1-416f-abfa-c908ff41af69,optics.lease,available,8.24,46.23,high,low,6,dynadot,,,30/09/2026 10:39
2fdeddff-4d7b-4437-8995-ad4d6949ff75,arkansan.lease,available,56.99,56.99,medium,low,8,namesilo,,,20/09/2026 06:11
0fef6a47-92c8-4541-8a8c-fa4644483df8,calming.lease,available,58.98,73.98,high,low,7,namecheap,,,19/09/2026 20:28
007a05e9-4176-44e0-b1a8-fac8ec19b399,uncordial.lease,available,56.99,56.99,medium,low,9,namesilo,,,12/09/2026 06:13
18d9d8a9-ad59-42aa-9a18-f976edfe4485,clammy.lease,available,14.99,71.99,medium,low,6,name.com,,,12/08/2026 09:23
94b08b6e-7ee7-4119-9984-6b1f78c338c9,auric.lease,available,14.99,71.99,medium,low,5,name.com,,,07/08/2026 17:36
c46c32a6-38d3-4b83-afe6-d1cb9f60fcb6,moreton.lease,available,58.98,73.98,medium,low,7,namecheap,,,30/09/2026 12:45
f9eb8cec-f6ca-4563-ae6e-da9b4567cf9a,rail.lease,available,44.71,44.71,high,low,4,spaceship,,,29/09/2026 20:10
7445b4d1-42ea-4467-afba-935af1fac5e5,humanly.lease,available,56.99,56.99,high,low,7,namesilo,,,15/09/2026 01:20
50ed3a20-888d-44a2-a57e-fcdbc41c663e,handicapped.lease,available,44.71,44.71,medium,low,11,spaceship,,,29/09/2026 03:14
1575f264-a7ed-4060-8e50-daed0c8f58af,rolled.lease,available,14.99,71.99,high,low,6,name.com,,,18/08/2026 18:46
5ef08810-6b96-4e98-9c9d-038b2cb72a0f,inflammatory.lease,available,43.2,43.2,medium,low,12,cloudflare,,,29/09/2026 21:18
28549b14-5f34-45f8-9816-49ee4af01020,adela.lease,available,44.71,44.71,medium,low,5,spaceship,,,02/10/2026 09:08
849be0d4-690f-4668-9894-ff6bb2aaec6f,exploit.lease,available,44.71,44.71,high,low,7,spaceship,,,28/09/2026 19:08
f3136a65-b715-4a47-9ee9-dd8877496271,modernisation.lease,available,44.71,44.71,high,low,13,spaceship,,,30/09/2026 23:56
c0357922-a391-4e92-b72c-4ec6141d8501,contextual.lease,available,14.99,71.99,high,low,10,name.com,,,12/08/2026 23:13
bd3d4f8c-74e8-429a-ac47-7af60e25d936,sanctum.lease,available,14.99,71.99,high,low,7,name.com,,,21/08/2026 10:47
bb12e442-837b-4b16-88e3-b3f4186ce4dc,scouts.lease,available,8.24,46.23,high,low,6,dynadot,,,28/09/2026 04:05
7ad07b30-8dbd-4df6-8ba6-38d3d4b41547,foodservice.lease,available,44.71,44.71,high,low,12,spaceship,,,02/10/2026 21:40
043c9ee1-5ccd-4739-8ec0-fa48fc911bc6,flame.lease,available,58.98,73.98,high,low,5,namecheap,,,24/09/2026 19:16
28bb53a1-7436-41bb-8101-969609c6e5dc,large.lease,available,56.99,56.99,high,low,5,namesilo,,,02/10/2026 12:39
e0e056b3-dead-44c1-8986-96213474b55b,goldberg.lease,available,56.99,56.99,high,low,8,namesilo,,,25/09/2026 06:35
e488a34f-ddd9-4714-a918-028a16d7a33f,radioed.lease,available,56.99,56.99,medium,low,7,namesilo,,,20/09/2026 15:44
6bc85bab-c084-4139-b165-adda5af480cf,smelling.lease,available,44.71,44.71,high,low,8,spaceship,,,27/09/2026 22:56
4c1f112a-1955-43f1-90c3-2542ad0b8945,lakes.lease,available,58.98,73.98,high,low,5,namecheap,,,29/09/2026 09:25
ff377eb4-373e-4d73-8267-1777eb34fabf,ora.lease,available,43.2,43.2,high,medium,3,cloudflare,,,30/09/2026 19:25
980f13c3-654f-4f05-b3ff-bc8b23344135,belau.lease,available,56.99,56.99,medium,low,5,namesilo,,,23/09/2026 04:30
18bb1a98-119f-40d8-819f-cb5573756ab6,politically.lease,available,56.99,56.99,medium,low,11,namesilo,,,28/09/2026 11:12
ef22d15d-fafb-4be9-b051-11ee70e134d6,powerhouse.lease,available,56.99,56.99,high,low,10,namesilo,,,21/09/2026 22:33
7f6f034c-38be-40e2-b6cd-15b2aed1fd49,marin.lease,available,56.99,56.99,high,low,5,namesilo,,,25/09/2026 15:45
38008c30-1519-4757-bfdf-46056465866e,jointly.lease,available,56.99,56.99,medium,low,7,namesilo,,,28/09/2026 14:08
14f24f17-d0c1-44a3-9a0a-134a0fd989ea,chirp.lease,available,56.99,56.99,high,low,5,namesilo,,,24/09/2026 14:08
4da245ad-083e-44e9-8e58-0cc9f5a3fba6,imperative.lease,available,56.99,56.99,high,low,10,namesilo,,,08/09/2026 04:44
b317b681-c106-427b-b383-992e886c42d8,bigness.lease,available,56.99,56.99,medium,low,7,namesilo,,,23/09/2026 15:14
60e96196-d25e-40e5-b578-e16d0575eab1,comal.lease,available,14.99,71.99,medium,low,5,name.com,,,12/08/2026 18:23
4e0999ac-37fe-4264-a159-8d516c824e5b,adirondack.lease,available,56.99,56.99,medium,low,10,namesilo,,,28/09/2026 21:35
4c11e0b9-063d-477a-b47d-61dcb97c7d8f,dorchester.lease,available,58.98,73.98,medium,low,10,namecheap,,,27/09/2026 07:30
0c1b760e-1f95-42e4-8584-9eb6383cb51d,glaucous.lease,available,14.99,71.99,medium,low,8,name.com,,,20/08/2026 14:16
89f80f6d-8365-4c05-bbe8-7765f35c8817,cephalopod.lease,available,14.99,71.99,medium,low,10,name.com,,,12/08/2026 00:21
7c4361ad-2481-4a51-97a4-f4c37271ab28,aperiodic.lease,available,14.99,71.99,medium,low,9,name.com,,,05/08/2026 22:30
816976f8-3eb1-4784-a6ec-ccd80d2a1a7c,marooned.lease,available,58.98,73.98,medium,low,8,namecheap,,,25/09/2026 16:58
144a9d97-c3f0-426a-8692-ff9982a46325,deduct.lease,available,56.99,56.99,high,low,6,namesilo,,,02/10/2026 06:42
453e9f02-f541-4227-b601-b7d2fab182e9,skills.lease,available,56.99,56.99,high,medium,6,namesilo,,,17/09/2026 12:40
39922ef4-ef38-49ac-ab39-7004097a8d08,annona.lease,available,56.99,56.99,medium,low,6,namesilo,,,19/09/2026 10:30
7aa75607-0523-4205-b8f8-ede984322efe,peaks.lease,available,58.98,73.98,high,low,5,namecheap,,,29/09/2026 17:03
09ae55fc-467b-4a66-bb3b-029fef485cea,feline.lease,available,14.99,71.99,high,low,6,name.com,,,18/08/2026 00:53
215384d9-23f4-4453-ae7d-da4668c679c3,aldebaran.lease,available,58.98,73.98,medium,low,9,namecheap,,,18/09/2026 04:20
8ee5044f-9e10-4197-8418-e511758db703,owe.lease,available,8.24,46.23,high,low,3,dynadot,,,30/09/2026 21:17
fd947dca-9911-423f-a98d-ecbeb7d5d04e,library.lease,premium,102.67,102.67,high,low,7,spaceship,,,28/09/2026 08:46
9b764f1d-c42f-4101-ab14-afea6c05fb04,pegged.lease,available,56.99,56.99,medium,low,6,namesilo,,,30/09/2026 16:20
bc8a5346-1736-43b6-a30c-238265927198,matches.lease,available,56.99,56.99,high,low,7,namesilo,,,18/09/2026 17:25
58e642cb-2cdc-4698-996d-4c3242219461,activator.lease,available,56.99,56.99,high,low,9,namesilo,,,17/09/2026 05:10
1da589ee-cd94-4be1-9931-23d647cf91ec,stavanger.lease,available,44.71,44.71,medium,low,9,spaceship,,,01/10/2026 21:52
e78cbe57-732b-4e23-8617-8c7f96942812,wegener.lease,available,58.98,73.98,medium,low,7,namecheap,,,18/09/2026 06:39
5f740003-7731-43a5-a92e-b161166e9c3d,embarrassed.lease,available,58.98,73.98,medium,low,11,namecheap,,,27/09/2026 06:32
eb1d6404-af4e-47cf-b863-d5f56444e320,wavelength.lease,available,44.71,44.71,high,low,10,spaceship,,,30/09/2026 03:06
6f51523a-7d27-4e14-9c34-a42bd923fc44,carnot.lease,available,43.2,43.2,medium,low,6,cloudflare,,,02/10/2026 04:17
001b58d3-3280-4f2f-99df-2c15bf4821e5,office.lease,resell,,,high,medium,6,Porkbun LLC,03/12/2019 12:43,03/12/2026 12:43,02/10/2026 14:47
5dc59042-d0dd-4a15-a975-c47d65ff9e3d,tian.lease,available,56.99,56.99,medium,low,4,namesilo,,,28/09/2026 16:02
b8cc362e-193e-4818-8af3-e2a3d97989d9,schematic.lease,available,56.99,56.99,high,low,9,namesilo,,,09/09/2026 23:02
ffe5c167-d353-48f2-8783-563bd7bbe8ca,montage.lease,available,56.99,56.99,high,low,7,namesilo,,,02/10/2026 04:25
4f0e9d38-d265-4e6a-8751-bc353baede7b,barksdale.lease,available,44.71,44.71,medium,low,9,spaceship,,,02/10/2026 00:54
21cdaed3-5bdb-4d6b-a88c-cd3ab4937511,bipolar.lease,available,14.99,71.99,high,low,7,name.com,,,10/08/2026 05:30
f19e8ab6-65be-406f-a925-75d459ee093a,feminism.lease,available,8.24,46.23,high,low,8,dynadot,,,29/09/2026 19:12
dd26d677-dc3b-4897-a89a-3ba86be3e11a,francisca.lease,available,44.71,44.71,high,low,9,spaceship,,,02/10/2026 06:32
668648aa-e0e5-476a-85b9-3d3a728eab3f,tio.lease,available,44.71,44.71,high,low,3,spaceship,,,03/10/2026 02:40
6092908b-efc6-4c00-aa1f-0a7627afff4e,alkene.lease,available,56.99,56.99,medium,low,6,namesilo,,,18/09/2026 08:28
2e74a47c-6179-4dc1-935c-6c75584933ec,discoverer.lease,available,56.99,56.99,high,low,10,namesilo,,,20/09/2026 11:37
876edc0a-84b5-41f2-b0ba-31229de13e94,massive.lease,premium,128.7,128.7,high,low,7,namecheap,,,25/09/2026 17:08
76837eb2-4e55-44cf-999c-f72aa35e82df,venomed.lease,available,56.99,56.99,medium,low,7,namesilo,,,13/09/2026 02:06
e30c9a42-ca85-4d8f-9190-aaf86634d639,crucifixion.lease,available,44.71,44.71,medium,low,11,spaceship,,,01/10/2026 13:41
8d9e8673-8e28-4905-afc1-8a78d5db4aa2,clearance.lease,premium,118.8,118.8,high,low,9,namesilo,,,08/09/2026 08:11
9c6b49f1-f894-4850-aadc-a106b17fa1cc,crunch.lease,available,58.98,73.98,high,low,6,namecheap,,,24/09/2026 19:53
64d4843b-2996-4fac-9443-e15a82913eee,hovering.lease,available,44.71,44.71,high,low,8,spaceship,,,30/09/2026 07:20
42eeeb88-83a0-415c-be3d-54331f648dc2,physicians.lease,available,44.71,44.71,medium,low,10,spaceship,,,30/09/2026 00:16
58909491-fc5d-45b0-b3ab-f19cb1edaf78,williamstown.lease,available,56.99,56.99,medium,low,12,namesilo,,,29/09/2026 22:48
db6d569e-094c-4a4f-8d34-706374362165,nevis.lease,available,8.24,44.8,high,low,5,porkbun,,,29/09/2026 07:42
cba48538-b8e4-4521-bc0c-9d75cc72e680,anson.lease,available,8.24,46.23,medium,low,5,dynadot,,,28/09/2026 07:57
0c749787-88c4-448f-b071-02cfce02c95a,ayers.lease,available,56.99,56.99,medium,low,5,namesilo,,,29/09/2026 09:56
40082a9c-5fd3-4f12-9a7b-6eacd43b839f,hillsdale.lease,available,56.99,56.99,medium,low,9,namesilo,,,29/09/2026 22:46
649da051-7cf3-45e4-afe8-308749f4ae00,bionic.lease,available,14.99,71.99,high,low,6,name.com,,,10/08/2026 02:17
c4a92983-6c0c-4e73-b7be-fb22d0e94426,stead.lease,available,44.71,44.71,medium,low,5,spaceship,,,01/10/2026 20:20
62d54af0-1374-4613-9b7e-b48a05271e1f,paint.lease,available,58.98,73.98,high,low,5,namecheap,,,30/09/2026 06:21
9cc1e50c-e1ff-45aa-b4d7-fc46671055a1,maybe.lease,available,58.98,73.98,high,low,5,namecheap,,,28/09/2026 16:19
193b2d8e-ae85-4b33-a67e-417e5c0f26e0,baldachin.lease,available,58.98,73.98,medium,low,9,namecheap,,,21/09/2026 21:30
0908290e-d8e0-4f60-8b6a-8dba46cb10eb,uniquely.lease,available,58.98,73.98,high,low,8,namecheap,,,16/09/2026 10:06
39abd0e9-1628-4d6e-a548-f455d86da1fc,showing.lease,available,56.99,56.99,high,low,7,namesilo,,,25/09/2026 10:36
10d54c58-49a8-4f02-a2e8-c351ab997464,commoner.lease,available,43.2,43.2,high,low,8,cloudflare,,,03/10/2026 00:04
5a13ae30-b0d2-41e1-b455-b808edea6cd6,tatum.lease,available,14.99,71.99,high,low,5,name.com,,,20/09/2026 10:00
70150300-d4e0-40b6-872b-03ff8b55f406,mates.lease,available,8.24,46.23,high,low,5,dynadot,,,28/09/2026 10:21
65708b53-8aed-48da-8d4e-34e1dd58b0cc,als.lease,available,56.99,56.99,high,low,3,namesilo,,,18/09/2026 14:14
fdd8e257-10f5-4d09-9737-d37869f766ed,intern.lease,available,44.71,44.71,high,low,6,spaceship,,,28/09/2026 14:28
1d138af8-bc78-43f1-b23f-cf9f1c1bd913,weirs.lease,available,56.99,56.99,medium,low,5,namesilo,,,02/10/2026 03:06
09867963-d5a9-4688-a371-753cdb5381fd,hagen.lease,available,43.2,43.2,high,low,5,cloudflare,,,27/09/2026 20:14
ed0f9b43-e524-45a8-8683-191be8760c50,california.lease,premium,260,260,high,medium,10,namecheap,,,29/09/2026 05:55
2497d79e-dc79-4f21-84fb-6fd88dd0c51a,counts.lease,available,58.98,73.98,high,low,6,namecheap,,,18/09/2026 18:14
6a3f5275-115b-4b87-974e-6d918b617169,transformer.lease,available,44.71,44.71,high,low,11,spaceship,,,01/10/2026 05:03
dcd91059-721d-45ce-8ba7-d1929378cf78,mention.lease,available,56.99,56.99,high,low,7,namesilo,,,29/09/2026 09:27
ebd5f16f-bfd7-4b94-b927-398feb5e3532,comrades.lease,available,43.2,43.2,medium,low,8,cloudflare,,,28/09/2026 13:07
74ac3e13-dd94-4f40-838d-6953f8d423d8,egg.lease,available,43.2,43.2,high,low,3,cloudflare,,,29/09/2026 00:46
810abf45-be8d-4304-b0f7-50bf5cd1852d,snappy.lease,available,14.99,71.99,high,low,6,name.com,,,11/08/2026 04:32
e026443c-2ca5-4666-b2c7-a569e7878436,curatorial.lease,available,14.99,71.99,medium,low,10,name.com,,,13/08/2026 11:03
45f7cf82-bab4-4654-93c7-6c08c2b2a3c2,beamish.lease,available,14.99,71.99,medium,low,7,name.com,,,09/08/2026 04:08
1f93ce09-6e49-4972-ab9d-59db0be568f6,coahuila.lease,available,43.2,43.2,medium,low,8,cloudflare,,,30/09/2026 09:12
63a6c50f-3fac-4d78-9d69-e88039057786,keaton.lease,available,8.24,44.8,medium,low,6,porkbun,,,30/09/2026 00:55
76539a60-634e-4ebf-a1dd-279dd000c487,treating.lease,available,56.99,56.99,high,low,8,namesilo,,,02/10/2026 12:52
edddf685-4587-48fe-9f80-8fbadf4f19bd,rubbers.lease,available,56.99,56.99,high,low,7,namesilo,,,02/10/2026 22:44
66259831-c5ae-45d6-b52f-46530750a95e,liberate.lease,available,14.99,71.99,high,low,8,name.com,,,18/08/2026 14:32
f06f4012-5145-4be3-8d61-69ead0a8482d,ncaa.lease,available,58.98,73.98,high,low,4,namecheap,,,27/09/2026 07:11
484589a4-c8fe-45a4-8037-25348e8fbafc,thirteen.lease,available,56.99,56.99,high,low,8,namesilo,,,21/09/2026 11:32
a338d7f5-5d04-47f4-82bf-5e277ee629d5,irrational.lease,available,58.98,73.98,high,low,10,namecheap,,,25/09/2026 11:23
ba9347ce-f4fa-47b9-b652-7a68474b055b,crawling.lease,available,58.98,73.98,medium,low,8,namecheap,,,28/09/2026 05:30
3a840ec3-067d-480c-82b1-53c149656aba,outreach.lease,available,8.24,46.23,high,low,8,dynadot,,,30/09/2026 10:41
5b801aaa-9fcc-4c0c-8ab7-173a12fd1078,rabid.lease,available,14.99,71.99,medium,low,5,name.com,,,17/08/2026 21:52
8e131c0a-4572-40a3-a14d-c81a7045dfd3,jonas.lease,available,58.98,73.98,high,low,5,namecheap,,,25/09/2026 15:07
183629f9-cf67-486a-8f98-3ac1cb684a86,emerged.lease,available,44.71,44.71,medium,low,7,spaceship,,,29/09/2026 16:31
c6743aae-4825-41ac-85cb-457362edbf50,belknap.lease,available,56.99,56.99,high,low,7,namesilo,,,29/09/2026 15:05
382ff7c7-9d88-4bed-95a2-2538660a07d6,disjointed.lease,available,14.99,71.99,medium,low,10,name.com,,,14/08/2026 11:16
0a468075-a0bf-47fa-ab1c-81e2bf7beffe,communal.lease,available,8.24,46.23,high,low,8,dynadot,,,30/09/2026 16:12
85472bf1-d5ee-44a8-9ad6-3af95830d2cc,couth.lease,available,14.99,71.99,medium,low,5,name.com,,,13/08/2026 03:54
b18fd56b-7da9-465d-b151-a47dcc93909b,depth.lease,available,44.71,44.71,high,low,5,spaceship,,,28/09/2026 01:46
8373f0cf-ce99-4685-9d2c-7f5cbb84bb11,rustling.lease,available,56.99,56.99,high,low,8,namesilo,,,03/09/2026 11:20
16327df9-56c3-4011-a61e-6fad2be19bf8,asynchrony.lease,available,56.99,56.99,medium,low,10,namesilo,,,20/09/2026 18:41
1d425dd0-2400-4263-bdb9-c0dcef7fe093,acedia.lease,available,56.99,56.99,medium,low,6,namesilo,,,16/09/2026 23:26
0a064d7c-5dfc-41c7-bb0f-24ea1e4fbe30,womanhood.lease,available,44.71,44.71,high,low,9,spaceship,,,02/10/2026 15:03
24e33c42-46d8-4eef-82f6-44af111e350e,acoustical.lease,available,14.99,71.99,medium,low,10,name.com,,,
44598570-21c9-426e-91d5-d37c4862d45d,lunger.lease,available,14.99,71.99,medium,low,6,name.com,,,12/08/2026 23:06
c22bc5c9-4644-4526-b58b-dd170e6cb9ae,multilayer.lease,available,43.2,43.2,medium,low,10,cloudflare,,,02/10/2026 01:55
e35547ad-f730-4804-ac29-95b86b66abd5,nuisance.lease,available,58.98,73.98,medium,low,8,namecheap,,,29/09/2026 19:51
550142ae-0f52-478c-bdd7-457fc6c5f79a,todd.lease,available,56.99,56.99,high,low,4,namesilo,,,25/09/2026 09:07
f1d25482-e96f-4443-8346-70aaf0745ac7,fuscous.lease,available,14.99,71.99,medium,low,7,name.com,,,18/08/2026 19:02
88b7f55d-f911-4e16-967c-1d96830e7c70,walters.lease,available,56.99,56.99,medium,low,7,namesilo,,,25/09/2026 15:56
61e86cc0-183c-4fc5-965e-dd50c4c6f557,maximal.lease,available,14.99,71.99,high,low,7,name.com,,,24/08/2026 17:54
6c111cdd-373a-4100-acff-4947c41a81c3,madam.lease,available,56.99,56.99,high,low,5,namesilo,,,24/09/2026 10:51
04362dd5-3792-4360-9076-e89593c434b7,whitener.lease,available,58.98,73.98,medium,low,8,namecheap,,,24/09/2026 03:50
04378232-ae10-40e3-8da3-ee7a77174186,minute.lease,premium,118.8,118.8,high,low,6,namesilo,,,25/09/2026 09:28
3e36491d-75b3-40cb-9868-3561a9a616b3,rar.lease,available,43.2,43.2,high,low,3,cloudflare,,,02/10/2026 17:58
1b3b9dfa-9b00-442d-b744-6b46538d041d,rate.lease,premium,260,260,high,low,4,namecheap,,,24/09/2026 13:46
efe9a0cd-bdb0-4e48-ae45-b7a6e63b8373,maleficent.lease,available,14.99,71.99,medium,low,10,name.com,,,24/08/2026 13:58
7275a962-449b-4871-b3f6-43e6c5fc4a60,adr.lease,available,56.99,56.99,high,low,3,namesilo,,,30/09/2026 03:40
39269f42-53e7-426c-9289-1c281d5eb16a,fifa.lease,available,58.98,73.98,high,medium,4,namecheap,,,30/09/2026 12:50
31315427-cb35-4506-991b-047383a5fde9,europa.lease,available,8.24,44.8,high,low,6,porkbun,,,02/10/2026 04:45
eb61ab0c-89cd-4a71-9e53-b012011bde44,revealing.lease,available,56.99,56.99,high,low,9,namesilo,,,27/09/2026 13:41
a2974072-f021-4489-9e19-6c2ba2563f10,sdk.lease,available,8.24,46.23,high,low,3,dynadot,,,03/10/2026 02:48
2f62bbb2-9031-4d96-b6c0-33316ea64c6a,sundress.lease,available,44.71,44.71,high,low,8,spaceship,,,30/09/2026 12:21
4751ce7d-af05-4123-bda3-1d80759d4af7,deserve.lease,available,58.98,73.98,high,low,7,namecheap,,,25/09/2026 23:40
f5fa92ab-d2a0-4693-a2f1-29676642f10c,acrostic.lease,available,56.99,56.99,medium,low,8,namesilo,,,17/09/2026 03:59
6e94eb83-6b82-4e86-841e-d8405e3ccd92,bestiality.lease,available,56.99,56.99,medium,low,10,namesilo,,,23/09/2026 10:39
50737866-2220-4d87-ba87-478907a90a2a,shutting.lease,available,14.99,71.99,medium,low,8,name.com,,,12/08/2026 12:22
9619ec23-6296-477a-b161-80ac3a6fc9ae,newer.lease,available,56.99,56.99,high,low,5,namesilo,,,18/09/2026 15:53
70cdaf69-1736-45f5-b712-51668f6d8141,geometry.lease,available,44.71,44.71,high,low,8,spaceship,,,29/09/2026 20:49
130612cb-4585-453b-8c5b-2c32a006675d,endovenous.lease,available,14.99,71.99,medium,low,10,name.com,,,17/08/2026 01:21
71ecab36-0f5e-4992-a8d1-685c916f66a1,accordant.lease,available,14.99,71.99,high,low,9,name.com,,,
af795a06-013e-4349-9ad4-fe51290fd521,bandsaw.lease,available,56.99,56.99,high,low,7,namesilo,,,22/09/2026 00:49
683e255b-6d29-46ef-917b-b5e62891cd28,eunice.lease,available,44.71,44.71,medium,low,6,spaceship,,,29/09/2026 03:57
aa71565f-94aa-4023-933e-6142160a186c,jabiru.lease,available,56.99,56.99,medium,low,6,namesilo,,,23/09/2026 23:50
1807af14-0635-45c1-be02-7c44d5786453,semipublic.lease,available,56.99,56.99,medium,low,10,namesilo,,,10/09/2026 03:17
8b7a044c-a7b3-43d9-beca-2ec7ee692894,comfy.lease,available,56.99,56.99,high,low,5,namesilo,,,23/09/2026 15:10
e473cabf-678b-41ca-b8b3-67ff9f882b7c,colorfast.lease,available,14.99,71.99,medium,low,9,name.com,,,12/08/2026 17:50
73d8da52-873d-4050-b9cd-964bf232b474,helicopters.lease,available,44.71,44.71,low,low,11,spaceship,,,28/09/2026 18:00
1b23386a-5c44-4209-a038-c5773439d9c2,favored.lease,available,58.98,73.98,high,low,7,namecheap,,,22/09/2026 20:01
c807e45f-a399-44ab-8e0d-6de5e9d34932,cassel.lease,available,8.24,44.8,high,low,6,porkbun,,,30/09/2026 13:49